2025-10-03 09:31:54,BTCUSDT,SELL,0.0100,SIM_SELL
2025-10-03 09:32:26,BTCUSDT,SELL,0.0100,SIM_SELL
2025-10-03 09:59:10,BTCUSDT,SELL,0.0100,SIM_SELL
2025-10-03 09:59:41,BTCUSDT,SELL,0.0100,SIM_SELL
2025-10-03 10:00:12,BTCUSDT,SELL,0.0100,SIM_SELL
2025-10-03 10:00:43,BTCUSDT,SELL,0.0100,SIM_SELL
2025-10-03 10:01:14,BTCUSDT,SELL,0.0100,SIM_SELL
2025-10-03 10:01:46,BTCUSDT,SELL,0.0100,SIM_SELL
2025-10-03 10:02:17,BTCUSDT,SELL,0.0100,SIM_SELL
2025-10-03 10:02:48,BTCUSDT,SELL,0.0100,SIM_SELL
2025-10-03 10:48:14,BTCUSDT,BUY,0.0100,SIM_BUY
2025-10-03 10:48:45,BTCUSDT,BUY,0.0100,SIM_BUY
2025-10-03 10:49:16,BTCUSDT,BUY,0.0100,SIM_BUY
2025-10-03 11:01:37,BTCUSDT,BUY,0.0100,SIM_BUY
2025-10-03 11:26:51,BTCUSDT,SELL,0.0100,SIM_SELL
2025-10-03 11:28:55,BTCUSDT,BUY,0.0100,SIM_BUY
2025-10-03 11:29:26,BTCUSDT,BUY,0.0100,SIM_BUY
2025-10-03 11:30:28,BTCUSDT,SELL,0.0100,SIM_SELL
2025-10-03 11:30:59,BTCUSDT,SELL,0.0100,SIM_SELL
2025-10-03 11:31:31,BTCUSDT,SELL,0.0100,SIM_SELL
2025-10-03 11:32:02,BTCUSDT,SELL,0.0100,SIM_SELL
2025-10-03 11:32:33,BTCUSDT,SELL,0.0100,SIM_SELL
2025-10-03 11:33:04,BTCUSDT,SELL,0.0100,SIM_SELL
2025-10-03 11:35:38,BTCUSDT,SELL,0.0100,SIM_SELL
2025-10-03 11:36:10,BTCUSDT,SELL,0.0100,SIM_SELL
2025-10-03 11:51:37,BTCUSDT,BUY,0.0100,SIM_BUY
2025-10-03 11:52:39,BTCUSDT,BUY,0.0100,SIM_BUY
2025-10-03 11:54:12,BTCUSDT,BUY,0.0100,SIM_BUY
2025-10-03 11:59:21,BTCUSDT,SELL,0.0100,SIM_SELL
2025-10-03 12:00:23,BTCUSDT,SELL,0.0100,SIM_SELL
2025-10-03 12:00:54,BTCUSDT,SELL,0.0100,SIM_SELL
2025-10-03 12:01:25,BTCUSDT,SELL,0.0100,SIM_SELL
2025-10-03 12:01:56,BTCUSDT,SELL,0.0100,SIM_SELL
2025-10-03 12:02:27,BTCUSDT,SELL,0.0100,SIM_SELL
2025-10-03 12:22:32,BTCUSDT,BUY,0.0100,SIM_BUY
2025-10-03 12:24:36,BTCUSDT,SELL,0.0100,SIM_SELL
2025-10-03 12:25:07,BTCUSDT,SELL,0.0100,SIM_SELL
2025-10-03 12:25:38,BTCUSDT,SELL,0.0100,SIM_SELL
2025-10-03 12:26:09,BTCUSDT,SELL,0.0100,SIM_SELL
2025-10-03 12:26:40,BTCUSDT,SELL,0.0100,SIM_SELL
2025-10-03 12:27:11,BTCUSDT,SELL,0.0100,SIM_SELL
2025-10-03 12:27:43,BTCUSDT,SELL,0.0100,SIM_SELL
2025-10-03 12:28:14,BTCUSDT,SELL,0.0100,SIM_SELL
2025-10-03 12:28:45,BTCUSDT,SELL,0.0100,SIM_SELL
2025-10-03 12:46:46,BTCUSDT,BUY,0.0100,SIM_BUY
2025-10-03 12:55:31,BTCUSDT,SELL,0.0100,SIM_SELL
2025-10-03 13:00:39,BTCUSDT,BUY,0.0100,SIM_BUY
2025-10-03 13:06:20,BTCUSDT,BUY,0.0100,SIM_BUY
2025-10-03 13:06:51,BTCUSDT,BUY,0.0100,SIM_BUY
2025-10-03 13:15:36,BTCUSDT,SELL,0.0100,SIM_SELL
2025-10-03 13:16:07,BTCUSDT,SELL,0.0100,SIM_SELL
2025-10-03 13:16:38,BTCUSDT,SELL,0.0100,SIM_SELL
2025-10-03 13:17:09,BTCUSDT,SELL,0.0100,SIM_SELL
2025-10-03 13:17:40,BTCUSDT,SELL,0.0100,SIM_SELL
2025-10-03 13:18:11,BTCUSDT,SELL,0.0100,SIM_SELL
2025-10-03 13:18:42,BTCUSDT,SELL,0.0100,SIM_SELL
2025-10-03 13:19:13,BTCUSDT,SELL,0.0100,SIM_SELL
2025-10-03 13:19:45,BTCUSDT,SELL,0.0100,SIM_SELL
2025-10-03 13:20:16,BTCUSDT,SELL,0.0100,SIM_SELL
2025-10-03 14:40:25,BTCUSDT,BUY,0.0100,SIM_BUY
2025-10-03 14:43:00,BTCUSDT,SELL,0.0100,SIM_SELL
2025-10-03 14:44:33,BTCUSDT,SELL,0.0100,SIM_SELL
2025-10-03 14:45:04,BTCUSDT,SELL,0.0100,SIM_SELL
2025-10-03 14:45:35,BTCUSDT,SELL,0.0100,SIM_SELL
2025-10-03 14:46:06,BTCUSDT,SELL,0.0100,SIM_SELL
2025-10-03 14:46:37,BTCUSDT,SELL,0.0100,SIM_SELL
2025-10-03 14:51:47,BTCUSDT,BUY,0.0100,SIM_BUY
2025-10-03 14:52:48,BTCUSDT,SELL,0.0100,SIM_SELL
2025-10-03 14:53:20,BTCUSDT,SELL,0.0100,SIM_SELL
2025-10-03 14:53:51,BTCUSDT,SELL,0.0100,SIM_SELL
2025-10-03 16:12:41,BTCUSDT,BUY,0.0100,SIM_BUY
2025-10-03 16:16:49,BTCUSDT,BUY,0.0100,SIM_BUY
2025-10-03 16:17:20,BTCUSDT,BUY,0.0100,SIM_BUY
2025-10-03 16:17:51,BTCUSDT,BUY,0.0100,SIM_BUY
2025-10-03 16:21:27,BTCUSDT,BUY,0.0100,SIM_BUY
2025-10-03 16:22:29,BTCUSDT,SELL,0.0100,SIM_SELL
2025-10-03 16:23:01,BTCUSDT,SELL,0.0100,SIM_SELL
2025-10-03 16:23:32,BTCUSDT,SELL,0.0100,SIM_SELL
2025-10-03 16:26:37,BTCUSDT,SELL,0.0100,SIM_SELL
2025-10-03 16:27:08,BTCUSDT,SELL,0.0100,SIM_SELL
2025-10-03 16:27:39,BTCUSDT,SELL,0.0100,SIM_SELL
2025-10-03 16:28:11,BTCUSDT,SELL,0.0100,SIM_SELL
2025-10-03 16:28:42,BTCUSDT,SELL,0.0100,SIM_SELL
2025-10-03 16:32:18,BTCUSDT,BUY,0.0100,SIM_BUY
2025-10-03 16:52:12,BTCUSDT,BUY,0.0100,SIM_BUY
2025-10-03 17:25:08,BTCUSDT,BUY,0.0100,SIM_BUY
2025-10-03 17:25:39,BTCUSDT,SELL,0.0100,SIM_SELL
2025-10-03 17:26:11,BTCUSDT,SELL,0.0100,SIM_SELL
2025-10-03 17:26:42,BTCUSDT,SELL,0.0100,SIM_SELL
2025-10-03 17:27:13,BTCUSDT,SELL,0.0100,SIM_SELL
2025-10-03 17:27:44,BTCUSDT,SELL,0.0100,SIM_SELL
2025-10-03 17:28:15,BTCUSDT,SELL,0.0100,SIM_SELL
2025-10-03 17:28:46,BTCUSDT,SELL,0.0100,SIM_SELL
2025-10-03 17:29:17,BTCUSDT,SELL,0.0100,SIM_SELL
2025-10-03 17:29:48,BTCUSDT,SELL,0.0100,SIM_SELL
2025-10-03 17:36:30,BTCUSDT,BUY,0.0100,SIM_BUY
2025-10-03 17:37:32,BTCUSDT,BUY,0.0100,SIM_BUY
2025-10-03 17:38:03,BTCUSDT,BUY,0.0100,SIM_BUY
2025-10-03 17:38:34,BTCUSDT,SELL,0.0100,SIM_SELL
2025-10-03 17:39:05,BTCUSDT,SELL,0.0100,SIM_SELL
2025-10-03 17:39:36,BTCUSDT,SELL,0.0100,SIM_SELL
2025-10-03 17:40:07,BTCUSDT,SELL,0.0100,SIM_SELL
2025-10-03 17:40:39,BTCUSDT,SELL,0.0100,SIM_SELL
2025-10-03 17:46:49,BTCUSDT,BUY,0.0100,SIM_BUY
2025-10-03 17:47:20,BTCUSDT,BUY,0.0100,SIM_BUY
2025-10-03 17:47:51,BTCUSDT,BUY,0.0100,SIM_BUY
2025-10-03 17:54:02,BTCUSDT,BUY,0.0100,SIM_BUY
2025-10-03 18:15:07,BTCUSDT,BUY,0.0100,SIM_BUY
2025-10-03 18:15:39,BTCUSDT,BUY,0.0100,SIM_BUY
2025-10-03 18:17:42,BTCUSDT,SELL,0.0100,SIM_SELL
2025-10-03 18:18:14,BTCUSDT,SELL,0.0100,SIM_SELL
2025-10-03 18:18:45,BTCUSDT,SELL,0.0100,SIM_SELL
2025-10-03 18:19:16,BTCUSDT,SELL,0.0100,SIM_SELL
2025-10-03 18:19:47,BTCUSDT,SELL,0.0100,SIM_SELL
2025-10-03 18:20:18,BTCUSDT,SELL,0.0100,SIM_SELL
2025-10-03 18:20:49,BTCUSDT,SELL,0.0100,SIM_SELL
2025-10-03 18:21:20,BTCUSDT,SELL,0.0100,SIM_SELL
2025-10-03 18:21:51,BTCUSDT,SELL,0.0100,SIM_SELL
2025-10-03 18:22:23,BTCUSDT,SELL,0.0100,SIM_SELL
2025-10-03 18:22:54,BTCUSDT,SELL,0.0100,SIM_SELL
2025-10-03 18:23:25,BTCUSDT,SELL,0.0100,SIM_SELL
2025-10-03 18:23:56,BTCUSDT,SELL,0.0100,SIM_SELL
2025-10-03 18:24:29,BTCUSDT,SELL,0.0100,SIM_SELL
2025-10-03 18:31:10,BTCUSDT,BUY,0.0100,SIM_BUY
2025-10-03 18:31:41,BTCUSDT,BUY,0.0100,SIM_BUY
2025-10-03 18:39:25,BTCUSDT,BUY,0.0100,SIM_BUY
2025-10-03 18:46:38,BTCUSDT,BUY,0.0100,SIM_BUY
2025-10-03 18:51:16,BTCUSDT,BUY,0.0100,SIM_BUY
2025-10-03 18:53:20,BTCUSDT,BUY,0.0100,SIM_BUY
2025-10-03 18:57:59,BTCUSDT,BUY,0.0100,SIM_BUY
2025-10-03 18:59:01,BTCUSDT,BUY,0.0100,SIM_BUY
2025-10-03 19:01:05,BTCUSDT,SELL,0.0100,SIM_SELL
2025-10-03 19:01:36,BTCUSDT,SELL,0.0100,SIM_SELL
2025-10-03 19:02:07,BTCUSDT,SELL,0.0100,SIM_SELL
2025-10-03 19:02:38,BTCUSDT,SELL,0.0100,SIM_SELL
2025-10-03 19:03:09,BTCUSDT,SELL,0.0100,SIM_SELL
2025-10-03 19:33:36,BTCUSDT,BUY,0.0100,SIM_BUY
2025-10-03 19:34:08,BTCUSDT,BUY,0.0100,SIM_BUY
2025-10-03 20:10:36,BTCUSDT,SELL,0.0100,SIM_SELL
2025-10-03 20:11:07,BTCUSDT,SELL,0.0100,SIM_SELL
2025-10-03 20:11:39,BTCUSDT,SELL,0.0100,SIM_SELL
2025-10-03 20:12:10,BTCUSDT,SELL,0.0100,SIM_SELL
2025-10-03 20:12:41,BTCUSDT,SELL,0.0100,SIM_SELL
2025-10-03 20:13:12,BTCUSDT,SELL,0.0100,SIM_SELL
2025-10-03 20:13:43,BTCUSDT,SELL,0.0100,SIM_SELL
2025-10-03 20:14:14,BTCUSDT,SELL,0.0100,SIM_SELL
2025-10-03 20:14:45,BTCUSDT,SELL,0.0100,SIM_SELL
2025-10-03 20:33:21,BTCUSDT,BUY,0.0100,SIM_BUY
2025-10-03 20:35:56,BTCUSDT,BUY,0.0100,SIM_BUY
2025-10-03 20:36:27,BTCUSDT,BUY,0.0100,SIM_BUY
2025-10-03 20:40:34,BTCUSDT,BUY,0.0100,SIM_BUY
2025-10-06 15:19:33,BTCUSDT,BUY,0.0100,SIM_BUY
2025-10-06 15:20:04,BTCUSDT,BUY,0.0100,SIM_BUY
2025-10-06 15:47:21,BTCUSDT,BUY,0.0100,SIM_BUY
2025-10-06 15:49:25,BTCUSDT,SELL,0.0100,SIM_SELL
2025-10-06 15:49:56,BTCUSDT,SELL,0.0100,SIM_SELL
2025-10-06 15:50:28,BTCUSDT,SELL,0.0100,SIM_SELL
2025-10-06 16:01:47,BTCUSDT,BUY,0.0100,SIM_BUY
2025-10-06 16:05:55,BTCUSDT,BUY,0.0100,SIM_BUY
2025-10-06 16:06:26,BTCUSDT,BUY,0.0100,SIM_BUY
2025-10-06 16:07:29,BTCUSDT,BUY,0.0100,SIM_BUY
2025-10-06 16:09:02,BTCUSDT,BUY,0.0100,SIM_BUY
2025-10-06 17:32:41,BTCUSDT,SELL,0.0100,SIM_SELL
2025-10-06 17:33:13,BTCUSDT,SELL,0.0100,SIM_SELL
2025-10-06 18:13:53,BTCUSDT,BUY,0.0100,SIM_BUY
2025-10-06 18:15:26,BTCUSDT,BUY,0.0100,SIM_BUY
2025-10-06 18:15:57,BTCUSDT,BUY,0.0100,SIM_BUY
2025-10-06 18:16:28,BTCUSDT,BUY,0.0100,SIM_BUY
2025-10-06 18:17:30,BTCUSDT,SELL,0.0100,SIM_SELL
2025-10-06 18:18:01,BTCUSDT,SELL,0.0100,SIM_SELL
2025-10-06 18:18:32,BTCUSDT,SELL,0.0100,SIM_SELL
2025-10-06 18:19:04,BTCUSDT,SELL,0.0100,SIM_SELL
2025-10-06 18:19:35,BTCUSDT,SELL,0.0100,SIM_SELL
2025-10-06 18:20:06,BTCUSDT,SELL,0.0100,SIM_SELL
2025-10-06 18:20:37,BTCUSDT,SELL,0.0100,SIM_SELL
2025-10-06 18:21:08,BTCUSDT,SELL,0.0100,SIM_SELL
2025-10-06 18:21:39,BTCUSDT,SELL,0.0100,SIM_SELL
2025-10-06 18:22:11,BTCUSDT,SELL,0.0100,SIM_SELL
2025-10-06 18:22:42,BTCUSDT,SELL,0.0100,SIM_SELL
2025-10-06 18:23:13,BTCUSDT,SELL,0.0100,SIM_SELL
2025-10-06 19:27:12,BTCUSDT,BUY,0.0100,SIM_BUY
2025-10-06 19:32:52,BTCUSDT,BUY,0.0100,SIM_BUY
2025-10-06 19:33:23,BTCUSDT,BUY,0.0100,SIM_BUY
2025-10-06 19:34:25,BTCUSDT,BUY,0.0100,SIM_BUY
2025-10-06 19:35:58,BTCUSDT,SELL,0.0100,SIM_SELL
2025-10-06 19:36:29,BTCUSDT,SELL,0.0100,SIM_SELL
2025-10-06 19:37:00,BTCUSDT,SELL,0.0100,SIM_SELL
2025-10-06 19:37:31,BTCUSDT,SELL,0.0100,SIM_SELL
2025-10-06 19:43:11,BTCUSDT,BUY,0.0100,SIM_BUY
2025-10-06 19:53:28,BTCUSDT,BUY,0.0100,SIM_BUY
2025-10-06 19:55:32,BTCUSDT,BUY,0.0100,SIM_BUY
2025-10-06 19:56:34,BTCUSDT,BUY,0.0100,SIM_BUY
2025-10-06 19:58:38,BTCUSDT,SELL,0.0100,SIM_SELL
2025-10-06 19:59:09,BTCUSDT,SELL,0.0100,SIM_SELL
2025-10-06 19:59:40,BTCUSDT,SELL,0.0100,SIM_SELL
2025-10-06 20:00:11,BTCUSDT,SELL,0.0100,SIM_SELL
2025-10-06 20:00:42,BTCUSDT,SELL,0.0100,SIM_SELL
2025-10-06 20:07:24,BTCUSDT,BUY,0.0100,SIM_BUY
2025-10-06 20:10:29,BTCUSDT,BUY,0.0100,SIM_BUY
2025-10-06 20:21:17,BTCUSDT,SELL,0.0100,SIM_SELL
2025-10-06 20:21:48,BTCUSDT,SELL,0.0100,SIM_SELL
2025-10-06 20:22:20,BTCUSDT,SELL,0.0100,SIM_SELL
2025-10-06 20:22:51,BTCUSDT,SELL,0.0100,SIM_SELL
2025-10-06 20:23:22,BTCUSDT,SELL,0.0100,SIM_SELL
2025-10-06 20:23:53,BTCUSDT,SELL,0.0100,SIM_SELL
2025-10-06 20:51:12,BTCUSDT,BUY,0.0100,SIM_BUY
2025-10-06 21:15:30,BTCUSDT,BUY,0.0100,SIM_BUY
2025-10-06 21:16:01,BTCUSDT,BUY,0.0100,SIM_BUY
2025-10-06 21:18:05,BTCUSDT,SELL,0.0100,SIM_SELL
2025-10-06 21:21:11,BTCUSDT,SELL,0.0100,SIM_SELL
2025-10-07 06:36:09,BTCUSDT,BUY,0.0100,SIM_BUY
2025-10-07 06:37:11,BTCUSDT,BUY,0.0100,SIM_BUY
2025-10-07 06:37:42,BTCUSDT,BUY,0.0100,SIM_BUY
2025-10-07 06:47:59,BTCUSDT,BUY,0.0100,SIM_BUY
2025-10-07 06:48:31,BTCUSDT,BUY,0.0100,SIM_BUY
2025-10-07 06:49:02,BTCUSDT,BUY,0.0100,SIM_BUY
2025-10-07 06:57:46,BTCUSDT,SELL,0.0100,SIM_SELL
2025-10-07 07:26:03,BTCUSDT,SELL,0.0100,SIM_SELL
2025-10-07 07:26:35,BTCUSDT,SELL,0.0100,SIM_SELL
2025-10-07 07:27:06,BTCUSDT,SELL,0.0100,SIM_SELL
2025-10-07 07:27:37,BTCUSDT,SELL,0.0100,SIM_SELL
2025-10-07 07:28:08,BTCUSDT,SELL,0.0100,SIM_SELL
2025-10-07 07:28:39,BTCUSDT,SELL,0.0100,SIM_SELL
2025-10-07 07:29:10,BTCUSDT,SELL,0.0100,SIM_SELL
2025-10-07 07:29:41,BTCUSDT,SELL,0.0100,SIM_SELL
2025-10-07 07:30:12,BTCUSDT,SELL,0.0100,SIM_SELL
2025-10-07 07:30:43,BTCUSDT,SELL,0.0100,SIM_SELL
2025-10-07 07:31:14,BTCUSDT,SELL,0.0100,SIM_SELL
2025-10-07 07:31:45,BTCUSDT,SELL,0.0100,SIM_SELL
2025-10-07 07:32:16,BTCUSDT,SELL,0.0100,SIM_SELL
2025-10-07 07:32:48,BTCUSDT,SELL,0.0100,SIM_SELL
2025-10-07 07:33:19,BTCUSDT,SELL,0.0100,SIM_SELL
2025-10-07 07:33:50,BTCUSDT,SELL,0.0100,SIM_SELL
2025-10-07 07:34:21,BTCUSDT,SELL,0.0100,SIM_SELL
2025-10-07 07:35:54,BTCUSDT,SELL,0.0100,SIM_SELL
2025-10-07 07:38:59,BTCUSDT,SELL,0.0100,SIM_SELL
2025-10-07 07:39:30,BTCUSDT,SELL,0.0100,SIM_SELL
2025-10-07 07:40:01,BTCUSDT,SELL,0.0100,SIM_SELL
2025-10-07 07:40:33,BTCUSDT,SELL,0.0100,SIM_SELL
2025-10-07 07:41:04,BTCUSDT,SELL,0.0100,SIM_SELL
2025-10-07 08:10:54,BTCUSDT,BUY,0.0100,SIM_BUY
2025-10-07 08:11:56,BTCUSDT,BUY,0.0100,SIM_BUY
2025-10-07 08:24:17,BTCUSDT,BUY,0.0100,SIM_BUY
2025-10-07 08:26:51,BTCUSDT,BUY,0.0100,SIM_BUY
2025-10-07 08:27:22,BTCUSDT,BUY,0.0100,SIM_BUY
2025-10-07 08:39:12,BTCUSDT,SELL,0.0100,SIM_SELL
2025-10-07 08:39:43,BTCUSDT,SELL,0.0100,SIM_SELL
2025-10-07 08:40:15,BTCUSDT,SELL,0.0100,SIM_SELL
2025-10-07 08:40:46,BTCUSDT,SELL,0.0100,SIM_SELL
2025-10-07 09:01:52,BTCUSDT,BUY,0.0100,SIM_BUY
2025-10-07 09:02:23,BTCUSDT,BUY,0.0100,SIM_BUY
2025-10-07 09:02:54,BTCUSDT,BUY,0.0100,SIM_BUY
2025-10-07 09:09:36,BTCUSDT,BUY,0.0100,SIM_BUY
2025-10-07 09:50:46,BTCUSDT,SELL,0.0100,SIM_SELL
2025-10-07 09:53:51,BTCUSDT,BUY,0.0100,SIM_BUY
2025-10-07 10:06:43,BTCUSDT,BUY,0.0100,SIM_BUY
2025-10-07 11:10:00,BTCUSDT,BUY,0.0100,SIM_BUY
2025-10-07 11:10:31,BTCUSDT,BUY,0.0100,SIM_BUY
2025-10-07 11:25:26,BTCUSDT,BUY,0.0100,SIM_BUY
2025-10-07 11:25:58,BTCUSDT,BUY,0.0100,SIM_BUY
2025-10-07 11:26:59,BTCUSDT,BUY,0.0100,SIM_BUY
2025-10-07 11:39:20,BTCUSDT,BUY,0.0100,SIM_BUY
2025-10-07 11:39:51,BTCUSDT,BUY,0.0100,SIM_BUY
2025-10-07 11:40:53,BTCUSDT,SELL,0.0100,SIM_SELL
2025-10-07 11:41:24,BTCUSDT,SELL,0.0100,SIM_SELL
2025-10-07 11:42:26,BTCUSDT,SELL,0.0100,SIM_SELL
2025-10-07 11:43:28,BTCUSDT,SELL,0.0100,SIM_SELL
2025-10-07 11:47:04,BTCUSDT,BUY,0.0100,SIM_BUY
2025-10-07 11:50:10,BTCUSDT,BUY,0.0100,SIM_BUY
2025-10-07 11:50:41,BTCUSDT,BUY,0.0100,SIM_BUY
2025-10-07 11:52:14,BTCUSDT,BUY,0.0100,SIM_BUY
2025-10-07 11:52:45,BTCUSDT,BUY,0.0100,SIM_BUY
2025-10-07 11:53:47,BTCUSDT,BUY,0.0100,SIM_BUY
2025-10-07 11:54:18,BTCUSDT,BUY,0.0100,SIM_BUY
2025-10-07 11:54:49,BTCUSDT,BUY,0.0100,SIM_BUY
2025-10-07 12:04:04,BTCUSDT,BUY,0.0100,SIM_BUY
2025-10-07 12:08:12,BTCUSDT,BUY,0.0100,SIM_BUY
2025-10-07 12:11:48,BTCUSDT,BUY,0.0100,SIM_BUY
2025-10-07 12:14:23,BTCUSDT,SELL,0.0100,SIM_SELL
2025-10-07 12:30:20,BTCUSDT,BUY,0.0100,SIM_BUY
2025-10-07 12:30:51,BTCUSDT,BUY,0.0100,SIM_BUY
2025-10-07 12:32:54,BTCUSDT,SELL,0.0100,SIM_SELL
2025-10-07 12:33:25,BTCUSDT,SELL,0.0100,SIM_SELL
2025-10-07 12:50:28,BTCUSDT,BUY,0.0100,SIM_BUY
2025-10-07 12:51:30,BTCUSDT,BUY,0.0100,SIM_BUY
2025-10-07 12:52:01,BTCUSDT,BUY,0.0100,SIM_BUY
2025-10-07 13:10:01,BTCUSDT,SELL,0.0100,SIM_SELL
2025-10-07 13:10:32,BTCUSDT,SELL,0.0100,SIM_SELL
2025-10-07 13:11:34,BTCUSDT,SELL,0.0100,SIM_SELL
2025-10-07 13:12:06,BTCUSDT,SELL,0.0100,SIM_SELL
2025-10-07 13:12:37,BTCUSDT,SELL,0.0100,SIM_SELL
2025-10-07 13:13:08,BTCUSDT,SELL,0.0100,SIM_SELL
2025-10-07 13:13:39,BTCUSDT,SELL,0.0100,SIM_SELL
2025-10-07 13:14:10,BTCUSDT,SELL,0.0100,SIM_SELL
2025-10-07 13:14:41,BTCUSDT,SELL,0.0100,SIM_SELL
2025-10-07 13:15:12,BTCUSDT,SELL,0.0100,SIM_SELL
2025-10-07 13:20:52,BTCUSDT,BUY,0.0100,SIM_BUY
2025-10-07 13:21:23,BTCUSDT,BUY,0.0100,SIM_BUY
2025-10-07 13:50:11,BTCUSDT,BUY,0.0100,SIM_BUY
2025-10-07 13:50:42,BTCUSDT,BUY,0.0100,SIM_BUY
2025-10-07 13:51:14,BTCUSDT,BUY,0.0100,SIM_BUY
2025-10-07 14:05:38,BTCUSDT,BUY,0.0100,SIM_BUY
2025-10-07 14:06:09,BTCUSDT,BUY,0.0100,SIM_BUY
2025-10-07 14:18:29,BTCUSDT,BUY,0.0100,SIM_BUY
2025-10-07 14:21:35,BTCUSDT,SELL,0.0100,SIM_SELL
2025-10-07 14:22:06,BTCUSDT,SELL,0.0100,SIM_SELL
2025-10-07 14:22:37,BTCUSDT,SELL,0.0100,SIM_SELL
2025-10-07 14:26:44,BTCUSDT,BUY,0.0100,SIM_BUY
2025-10-07 14:28:17,BTCUSDT,BUY,0.0100,SIM_BUY
2025-10-07 14:30:21,BTCUSDT,BUY,0.0100,SIM_BUY
2025-10-07 14:30:52,BTCUSDT,BUY,0.0100,SIM_BUY
2025-10-07 14:31:54,BTCUSDT,SELL,0.0100,SIM_SELL
2025-10-07 14:32:25,BTCUSDT,SELL,0.0100,SIM_SELL
2025-10-07 14:45:48,BTCUSDT,SELL,0.0100,SIM_SELL
2025-10-07 14:55:36,BTCUSDT,BUY,0.0100,SIM_BUY
2025-10-07 14:56:07,BTCUSDT,BUY,0.0100,SIM_BUY
2025-10-07 15:07:58,BTCUSDT,BUY,0.0100,SIM_BUY
2025-10-07 15:23:24,BTCUSDT,BUY,0.0100,SIM_BUY
2025-10-07 15:34:12,BTCUSDT,BUY,0.0100,SIM_BUY
2025-10-07 15:37:48,BTCUSDT,BUY,0.0100,SIM_BUY
2025-10-07 15:38:50,BTCUSDT,SELL,0.0100,SIM_SELL
2025-10-07 15:39:21,BTCUSDT,SELL,0.0100,SIM_SELL
2025-10-07 15:39:52,BTCUSDT,SELL,0.0100,SIM_SELL
2025-10-07 15:46:03,BTCUSDT,SELL,0.0100,SIM_SELL
2025-10-07 15:46:34,BTCUSDT,SELL,0.0100,SIM_SELL
2025-10-07 15:47:05,BTCUSDT,SELL,0.0100,SIM_SELL
2025-10-07 15:47:36,BTCUSDT,SELL,0.0100,SIM_SELL
2025-10-07 15:48:07,BTCUSDT,SELL,0.0100,SIM_SELL
2025-10-07 15:48:38,BTCUSDT,SELL,0.0100,SIM_SELL
2025-10-07 15:49:09,BTCUSDT,SELL,0.0100,SIM_SELL
2025-10-07 15:49:40,BTCUSDT,SELL,0.0100,SIM_SELL
2025-10-07 15:50:12,BTCUSDT,SELL,0.0100,SIM_SELL
2025-10-07 15:54:50,BTCUSDT,BUY,0.0100,SIM_BUY
2025-10-07 16:28:18,BTCUSDT,BUY,0.0100,SIM_BUY
2025-10-07 16:29:21,BTCUSDT,BUY,0.0100,SIM_BUY
2025-10-07 16:58:11,BTCUSDT,BUY,0.0100,SIM_BUY
2025-10-07 16:58:42,BTCUSDT,BUY,0.0100,SIM_BUY
2025-10-07 16:59:13,BTCUSDT,BUY,0.0100,SIM_BUY
2025-10-07 16:59:44,BTCUSDT,SELL,0.0100,SIM_SELL
2025-10-07 17:00:46,BTCUSDT,SELL,0.0100,SIM_SELL
2025-10-07 17:21:21,BTCUSDT,SELL,0.0100,SIM_SELL
2025-10-07 17:22:23,BTCUSDT,SELL,0.0100,SIM_SELL
2025-10-07 18:59:39,BTCUSDT,SELL,0.0100,SIM_SELL
2025-10-07 19:35:08,BTCUSDT,BUY,0.0100,SIM_BUY
2025-10-07 19:36:41,BTCUSDT,SELL,0.0100,SIM_SELL
2025-10-07 19:37:12,BTCUSDT,SELL,0.0100,SIM_SELL
2025-10-07 19:37:43,BTCUSDT,SELL,0.0100,SIM_SELL
2025-10-07 19:38:14,BTCUSDT,SELL,0.0100,SIM_SELL
2025-10-07 19:38:45,BTCUSDT,SELL,0.0100,SIM_SELL
2025-10-07 19:39:17,BTCUSDT,SELL,0.0100,SIM_SELL
2025-10-07 19:39:48,BTCUSDT,SELL,0.0100,SIM_SELL
2025-10-07 19:41:20,BTCUSDT,SELL,0.0100,SIM_SELL
2025-10-07 19:45:58,BTCUSDT,BUY,0.0100,SIM_BUY
2025-10-07 19:46:29,BTCUSDT,BUY,0.0100,SIM_BUY
2025-10-07 19:47:00,BTCUSDT,BUY,0.0100,SIM_BUY
2025-10-07 19:49:35,BTCUSDT,BUY,0.0100,SIM_BUY
2025-10-07 20:31:45,BTCUSDT,BUY,0.0100,SIM_BUY
2025-10-07 20:32:47,BTCUSDT,BUY,0.0100,SIM_BUY
2025-10-07 20:45:39,BTCUSDT,SELL,0.0100,SIM_SELL
2025-10-07 20:46:10,BTCUSDT,SELL,0.0100,SIM_SELL
2025-10-07 20:46:41,BTCUSDT,SELL,0.0100,SIM_SELL
2025-10-07 20:48:14,BTCUSDT,SELL,0.0100,SIM_SELL
2025-10-07 21:12:59,BTCUSDT,SELL,0.0100,SIM_SELL
2025-10-07 21:13:30,BTCUSDT,SELL,0.0100,SIM_SELL
2025-10-07 21:14:01,BTCUSDT,SELL,0.0100,SIM_SELL
2025-10-07 21:14:32,BTCUSDT,SELL,0.0100,SIM_SELL
2025-10-07 21:51:06,BTCUSDT,SELL,0.0100,SIM_SELL
2025-10-08 09:13:09,JUPUSDT,SELL,0.0100,SIM_SELL
2025-10-08 09:13:41,JUPUSDT,SELL,0.0100,SIM_SELL
2025-10-08 09:14:13,JUPUSDT,SELL,0.0100,SIM_SELL
2025-10-08 09:20:29,JUPUSDT,BUY,0.0100,SIM_BUY
2025-10-08 09:21:00,JUPUSDT,BUY,0.0100,SIM_BUY
2025-10-08 09:38:09,JUPUSDT,BUY,0.0100,SIM_BUY
2025-10-08 09:38:41,JUPUSDT,BUY,0.0100,SIM_BUY
2025-10-08 09:39:13,JUPUSDT,BUY,0.0100,SIM_BUY
2025-10-08 09:45:58,JUPUSDT,BUY,0.0100,SIM_BUY
2025-10-08 09:46:29,JUPUSDT,BUY,0.0100,SIM_BUY
2025-10-08 10:49:27,JUPUSDT,BUY,10.0000,SIM_BUY
2025-10-08 10:50:31,JUPUSDT,BUY,10.0000,SIM_BUY
2025-10-08 10:51:02,JUPUSDT,BUY,10.0000,SIM_BUY
2025-10-08 10:52:05,JUPUSDT,BUY,10.0000,SIM_BUY
2025-10-08 11:00:56,JUPUSDT,BUY,10.0000,SIM_BUY
2025-10-08 11:01:59,JUPUSDT,SELL,10.0000,SIM_SELL
2025-10-08 11:02:31,JUPUSDT,SELL,10.0000,SIM_SELL
2025-10-08 11:03:03,JUPUSDT,SELL,10.0000,SIM_SELL
2025-10-08 11:24:54,JUPUSDT,BUY,10.0000,SIM_BUY
2025-10-08 11:36:20,JUPUSDT,SELL,10.0000,SIM_SELL
2025-10-08 11:44:09,JUPUSDT,SELL,10.0000,SIM_SELL
2025-10-08 11:44:40,JUPUSDT,SELL,10.0000,SIM_SELL
2025-10-08 11:45:12,JUPUSDT,SELL,10.0000,SIM_SELL
2025-10-08 11:45:44,JUPUSDT,SELL,10.0000,SIM_SELL
2025-10-08 12:44:51,JUPUSDT,BUY,10.0000,SIM_BUY
2025-10-08 12:46:25,JUPUSDT,BUY,10.0000,SIM_BUY
2025-10-08 12:59:57,JUPUSDT,BUY,10.0000,SIM_BUY
2025-10-08 13:05:42,JUPUSDT,SELL,10.0000,SIM_SELL
2025-10-08 13:23:32,JUPUSDT,BUY,10.0000,SIM_BUY
2025-10-08 13:26:40,JUPUSDT,BUY,10.0000,SIM_BUY
2025-10-08 13:35:32,JUPUSDT,BUY,10.0000,SIM_BUY
2025-10-08 13:57:26,JUPUSDT,BUY,10.0000,SIM_BUY
2025-10-08 13:57:58,JUPUSDT,BUY,10.0000,SIM_BUY
2025-10-08 14:02:40,JUPUSDT,BUY,10.0000,SIM_BUY
2025-10-08 14:47:59,JUPUSDT,BUY,10.0000,SIM_BUY
2025-10-08 15:03:15,JUPUSDT,BUY,10.0000,SIM_BUY
2025-10-08 15:03:47,JUPUSDT,BUY,10.0000,SIM_BUY
2025-10-08 15:13:10,JUPUSDT,BUY,10.0000,SIM_BUY
2025-10-08 15:35:32,JUPUSDT,BUY,10.0000,SIM_BUY
2025-10-08 15:40:14,JUPUSDT,SELL,10.0000,SIM_SELL
2025-10-08 15:40:46,JUPUSDT,SELL,10.0000,SIM_SELL
2025-10-08 15:41:18,JUPUSDT,SELL,10.0000,SIM_SELL
2025-10-08 15:41:50,JUPUSDT,SELL,10.0000,SIM_SELL
2025-10-08 16:02:14,JUPUSDT,SELL,10.0000,SIM_SELL
2025-10-08 16:15:12,JUPUSDT,BUY,10.0000,SIM_BUY
2025-10-08 16:16:18,JUPUSDT,SELL,10.0000,SIM_SELL
2025-10-08 16:16:50,JUPUSDT,SELL,10.0000,SIM_SELL
2025-10-08 16:33:01,JUPUSDT,BUY,10.0000,SIM_BUY
2025-10-08 16:33:33,JUPUSDT,BUY,10.0000,SIM_BUY
2025-10-08 16:51:47,JUPUSDT,BUY,10.0000,SIM_BUY
2025-10-08 16:52:49,JUPUSDT,BUY,10.0000,SIM_BUY
2025-10-08 16:53:22,JUPUSDT,SELL,10.0000,SIM_SELL
2025-10-08 16:59:05,JUPUSDT,BUY,10.0000,SIM_BUY
2025-10-08 17:00:40,JUPUSDT,SELL,10.0000,SIM_SELL
2025-10-08 17:01:12,JUPUSDT,SELL,10.0000,SIM_SELL
2025-10-08 17:01:43,JUPUSDT,SELL,10.0000,SIM_SELL
2025-10-08 17:02:15,JUPUSDT,SELL,10.0000,SIM_SELL
2025-10-08 17:03:19,JUPUSDT,SELL,10.0000,SIM_SELL
2025-10-08 17:03:54,JUPUSDT,SELL,10.0000,SIM_SELL
2025-10-08 17:04:27,JUPUSDT,SELL,10.0000,SIM_SELL
2025-10-08 17:04:59,JUPUSDT,SELL,10.0000,SIM_SELL
2025-10-08 17:32:02,JUPUSDT,BUY,10.0000,SIM_BUY
2025-10-08 17:33:05,JUPUSDT,SELL,10.0000,SIM_SELL
2025-10-08 18:02:02,JUPUSDT,BUY,10.0000,SIM_BUY
2025-10-08 18:09:54,JUPUSDT,SELL,10.0000,SIM_SELL
2025-10-08 18:10:27,JUPUSDT,SELL,10.0000,SIM_SELL
2025-10-08 18:12:32,JUPUSDT,SELL,10.0000,SIM_SELL
2025-10-08 18:24:34,JUPUSDT,BUY,10.0000,SIM_BUY
2025-10-08 18:25:06,JUPUSDT,BUY,10.0000,SIM_BUY
2025-10-08 19:07:23,JUPUSDT,BUY,10.0000,SIM_BUY
2025-10-08 19:09:29,JUPUSDT,BUY,10.0000,SIM_BUY
2025-10-08 19:10:33,JUPUSDT,BUY,10.0000,SIM_BUY
2025-10-08 19:11:05,JUPUSDT,BUY,10.0000,SIM_BUY
2025-10-08 19:15:15,JUPUSDT,SELL,10.0000,SIM_SELL
2025-10-08 19:16:19,JUPUSDT,SELL,10.0000,SIM_SELL
2025-10-08 19:16:51,JUPUSDT,SELL,10.0000,SIM_SELL
2025-10-08 19:19:28,JUPUSDT,BUY,10.0000,SIM_BUY
2025-10-08 19:51:46,JUPUSDT,BUY,10.0000,SIM_BUY
2025-10-08 19:52:22,JUPUSDT,BUY,10.0000,SIM_BUY
2025-10-08 19:52:54,JUPUSDT,BUY,10.0000,SIM_BUY
2025-10-08 20:01:16,JUPUSDT,BUY,10.0000,SIM_BUY
2025-10-08 20:10:10,JUPUSDT,BUY,10.0000,SIM_BUY
2025-10-08 20:10:41,JUPUSDT,BUY,10.0000,SIM_BUY
2025-10-08 20:11:13,JUPUSDT,BUY,10.0000,SIM_BUY
2025-10-08 20:15:25,JUPUSDT,SELL,10.0000,SIM_SELL
2025-10-08 20:15:57,JUPUSDT,SELL,10.0000,SIM_SELL
2025-10-08 20:16:28,JUPUSDT,SELL,10.0000,SIM_SELL
2025-10-08 20:18:03,JUPUSDT,SELL,10.0000,SIM_SELL
2025-10-08 20:18:34,JUPUSDT,SELL,10.0000,SIM_SELL
2025-10-08 20:19:06,JUPUSDT,SELL,10.0000,SIM_SELL
2025-10-08 20:23:13,JUPUSDT,BUY,10.0000,SIM_BUY
2025-10-08 20:23:45,JUPUSDT,BUY,10.0000,SIM_BUY
2025-10-08 20:25:19,JUPUSDT,BUY,10.0000,SIM_BUY
2025-10-08 20:32:06,JUPUSDT,BUY,10.0000,SIM_BUY
2025-10-08 20:32:38,JUPUSDT,BUY,10.0000,SIM_BUY
2025-10-08 20:49:41,JUPUSDT,BUY,10.0000,SIM_BUY
2025-10-08 20:50:35,JUPUSDT,BUY,10.0000,SIM_BUY
2025-10-08 20:52:17,JUPUSDT,SELL,10.0000,SIM_SELL
2025-10-08 20:53:30,JUPUSDT,SELL,10.0000,SIM_SELL
2025-10-08 21:11:25,JUPUSDT,BUY,10.0000,SIM_BUY
2025-10-08 21:11:57,JUPUSDT,BUY,10.0000,SIM_BUY
2025-10-08 21:38:00,JUPUSDT,BUY,10.0000,SIM_BUY
2025-10-08 21:38:32,JUPUSDT,BUY,10.0000,SIM_BUY
2025-10-08 21:40:06,JUPUSDT,BUY,10.0000,SIM_BUY
2025-10-09 08:31:01,JUPUSDT,SELL,10.0000,SIM_SELL
2025-10-09 08:31:33,JUPUSDT,SELL,10.0000,SIM_SELL
2025-10-09 08:32:05,JUPUSDT,SELL,10.0000,SIM_SELL
2025-10-09 08:32:37,JUPUSDT,SELL,10.0000,SIM_SELL
2025-10-09 08:33:09,JUPUSDT,SELL,10.0000,SIM_SELL
2025-10-09 08:58:28,JUPUSDT,BUY,10.0000,SIM_BUY
2025-10-09 09:07:20,JUPUSDT,BUY,10.0000,SIM_BUY
2025-10-09 09:25:04,JUPUSDT,BUY,10.0000,SIM_BUY
2025-10-09 09:26:07,JUPUSDT,BUY,10.0000,SIM_BUY
2025-10-09 09:27:10,JUPUSDT,SELL,10.0000,SIM_SELL
2025-10-09 09:27:42,JUPUSDT,SELL,10.0000,SIM_SELL
2025-10-09 09:28:14,JUPUSDT,SELL,10.0000,SIM_SELL
2025-10-09 09:28:46,JUPUSDT,SELL,10.0000,SIM_SELL
2025-10-09 09:29:18,JUPUSDT,SELL,10.0000,SIM_SELL
2025-10-09 09:29:49,JUPUSDT,SELL,10.0000,SIM_SELL
2025-10-09 09:31:55,JUPUSDT,SELL,10.0000,SIM_SELL
2025-10-09 10:03:52,JUPUSDT,SELL,10.0000,SIM_SELL
2025-10-09 10:17:40,JUPUSDT,BUY,10.0000,SIM_BUY
2025-10-09 10:20:49,JUPUSDT,BUY,10.0000,SIM_BUY
2025-10-09 10:48:47,JUPUSDT,SELL,10.0000,SIM_SELL
2025-10-09 10:49:19,JUPUSDT,SELL,10.0000,SIM_SELL
2025-10-09 10:49:51,JUPUSDT,SELL,10.0000,SIM_SELL
2025-10-09 10:50:24,JUPUSDT,SELL,10.0000,SIM_SELL
2025-10-09 10:50:55,JUPUSDT,SELL,10.0000,SIM_SELL
2025-10-09 10:51:27,JUPUSDT,SELL,10.0000,SIM_SELL
2025-10-09 10:51:59,JUPUSDT,SELL,10.0000,SIM_SELL
2025-10-09 10:52:31,JUPUSDT,SELL,10.0000,SIM_SELL
2025-10-09 11:33:42,JUPUSDT,BUY,10.0000,SIM_BUY
2025-10-09 11:34:14,JUPUSDT,BUY,10.0000,SIM_BUY
2025-10-09 12:03:23,JUPUSDT,BUY,10.0000,SIM_BUY
2025-10-09 12:22:40,JUPUSDT,BUY,10.0000,SIM_BUY
2025-10-09 12:27:53,JUPUSDT,BUY,10.0000,SIM_BUY
2025-10-09 12:35:12,JUPUSDT,BUY,10.0000,SIM_BUY
2025-10-09 12:35:44,JUPUSDT,BUY,10.0000,SIM_BUY
2025-10-09 12:50:20,JUPUSDT,BUY,10.0000,SIM_BUY
2025-10-09 12:51:23,JUPUSDT,BUY,10.0000,SIM_BUY
2025-10-09 13:04:27,JUPUSDT,BUY,10.0000,SIM_BUY
2025-10-09 13:08:08,JUPUSDT,SELL,10.0000,SIM_SELL
2025-10-09 13:08:39,JUPUSDT,SELL,10.0000,SIM_SELL
2025-10-09 13:09:11,JUPUSDT,SELL,10.0000,SIM_SELL
2025-10-09 13:09:43,JUPUSDT,SELL,10.0000,SIM_SELL
2025-10-09 13:10:15,JUPUSDT,SELL,10.0000,SIM_SELL
2025-10-09 13:32:06,JUPUSDT,BUY,10.0000,SIM_BUY
2025-10-09 13:32:38,JUPUSDT,BUY,10.0000,SIM_BUY
2025-10-09 13:33:10,JUPUSDT,SELL,10.0000,SIM_SELL
2025-10-09 13:33:43,JUPUSDT,SELL,10.0000,SIM_SELL
2025-10-09 13:34:14,JUPUSDT,SELL,10.0000,SIM_SELL
2025-10-09 14:01:30,JUPUSDT,SELL,10.0000,SIM_SELL
2025-10-09 14:02:02,JUPUSDT,SELL,10.0000,SIM_SELL
2025-10-09 14:19:13,JUPUSDT,SELL,10.0000,SIM_SELL
2025-10-09 14:19:45,JUPUSDT,SELL,10.0000,SIM_SELL
2025-10-09 14:20:17,JUPUSDT,SELL,10.0000,SIM_SELL
2025-10-09 14:20:49,JUPUSDT,SELL,10.0000,SIM_SELL
2025-10-09 14:21:21,JUPUSDT,SELL,10.0000,SIM_SELL
2025-10-09 15:05:52,JUPUSDT,BUY,10.0000,SIM_BUY
2025-10-09 15:06:23,JUPUSDT,BUY,10.0000,SIM_BUY
2025-10-09 15:06:55,JUPUSDT,BUY,10.0000,SIM_BUY
2025-10-09 15:08:30,JUPUSDT,SELL,10.0000,SIM_SELL
2025-10-09 15:09:01,JUPUSDT,SELL,10.0000,SIM_SELL
2025-10-09 15:11:38,JUPUSDT,BUY,10.0000,SIM_BUY
2025-10-09 15:12:10,JUPUSDT,BUY,10.0000,SIM_BUY
2025-10-09 15:37:41,JUPUSDT,BUY,10.0000,SIM_BUY
2025-10-09 16:23:34,JUPUSDT,BUY,10.0000,SIM_BUY
2025-10-09 16:24:06,JUPUSDT,BUY,10.0000,SIM_BUY
2025-10-09 16:24:38,JUPUSDT,SELL,10.0000,SIM_SELL
2025-10-09 16:25:10,JUPUSDT,SELL,10.0000,SIM_SELL
2025-10-09 16:49:39,JUPUSDT,BUY,10.0000,SIM_BUY
2025-10-09 16:50:11,JUPUSDT,BUY,10.0000,SIM_BUY
2025-10-09 17:11:37,JUPUSDT,BUY,10.0000,SIM_BUY
2025-10-09 17:12:40,JUPUSDT,BUY,10.0000,SIM_BUY
2025-10-09 17:15:49,JUPUSDT,SELL,10.0000,SIM_SELL
2025-10-09 17:16:21,JUPUSDT,SELL,10.0000,SIM_SELL
2025-10-09 17:49:38,JUPUSDT,BUY,10.0000,SIM_BUY
2025-10-09 17:50:10,JUPUSDT,BUY,10.0000,SIM_BUY
2025-10-09 17:50:42,JUPUSDT,BUY,10.0000,SIM_BUY
2025-10-09 17:54:21,JUPUSDT,SELL,10.0000,SIM_SELL
2025-10-09 17:54:53,JUPUSDT,SELL,10.0000,SIM_SELL
2025-10-09 17:55:25,JUPUSDT,SELL,10.0000,SIM_SELL
2025-10-09 18:00:39,JUPUSDT,BUY,10.0000,SIM_BUY
2025-10-09 18:01:43,JUPUSDT,BUY,10.0000,SIM_BUY
2025-10-09 18:16:18,JUPUSDT,BUY,10.0000,SIM_BUY
2025-10-09 18:54:49,JUPUSDT,BUY,10.0000,SIM_BUY
2025-10-09 18:55:21,JUPUSDT,BUY,10.0000,SIM_BUY
2025-10-09 19:02:07,JUPUSDT,BUY,10.0000,SIM_BUY
2025-10-09 19:03:41,JUPUSDT,BUY,10.0000,SIM_BUY
2025-10-09 19:16:12,JUPUSDT,BUY,10.0000,SIM_BUY
2025-10-09 19:37:32,JUPUSDT,BUY,10.0000,SIM_BUY
2025-10-09 20:05:10,JUPUSDT,BUY,10.0000,SIM_BUY
2025-10-09 20:11:56,JUPUSDT,BUY,10.0000,SIM_BUY
2025-10-09 20:12:59,JUPUSDT,SELL,10.0000,SIM_SELL
2025-10-09 20:13:31,JUPUSDT,SELL,10.0000,SIM_SELL
2025-10-09 20:19:16,JUPUSDT,BUY,10.0000,SIM_BUY
2025-10-09 20:20:50,JUPUSDT,BUY,10.0000,SIM_BUY
2025-10-09 20:42:01,JUPUSDT,BUY,10.0000,SIM_BUY
2025-10-10 06:23:47,JUPUSDT,SELL,10.0000,SIM_SELL
2025-10-10 06:24:19,JUPUSDT,SELL,10.0000,SIM_SELL
2025-10-10 06:24:50,JUPUSDT,SELL,10.0000,SIM_SELL
2025-10-10 06:25:22,JUPUSDT,SELL,10.0000,SIM_SELL
2025-10-10 06:25:54,JUPUSDT,SELL,10.0000,SIM_SELL
2025-10-10 06:26:26,JUPUSDT,SELL,10.0000,SIM_SELL
2025-10-10 06:26:58,JUPUSDT,SELL,10.0000,SIM_SELL
2025-10-10 06:27:29,JUPUSDT,SELL,10.0000,SIM_SELL
2025-10-10 06:28:01,JUPUSDT,SELL,10.0000,SIM_SELL
2025-10-10 06:28:33,JUPUSDT,SELL,10.0000,SIM_SELL
2025-10-10 06:29:04,JUPUSDT,SELL,10.0000,SIM_SELL
2025-10-10 06:29:36,JUPUSDT,SELL,10.0000,SIM_SELL
2025-10-10 06:30:08,JUPUSDT,SELL,10.0000,SIM_SELL
2025-10-10 06:30:40,JUPUSDT,SELL,10.0000,SIM_SELL
2025-10-10 06:31:11,JUPUSDT,SELL,10.0000,SIM_SELL
2025-10-10 06:31:43,JUPUSDT,SELL,10.0000,SIM_SELL
2025-10-10 06:32:15,JUPUSDT,SELL,10.0000,SIM_SELL
2025-10-10 06:32:47,JUPUSDT,SELL,10.0000,SIM_SELL
2025-10-10 06:45:15,JUPUSDT,BUY,10.0000,SIM_BUY
2025-10-10 06:46:18,JUPUSDT,BUY,10.0000,SIM_BUY
2025-10-10 06:47:21,JUPUSDT,BUY,10.0000,SIM_BUY
2025-10-10 07:07:38,JUPUSDT,SELL,10.0000,SIM_SELL
2025-10-10 07:09:43,JUPUSDT,SELL,10.0000,SIM_SELL
2025-10-10 07:32:35,JUPUSDT,BUY,10.0000,SIM_BUY
2025-10-10 07:53:26,JUPUSDT,BUY,10.0000,SIM_BUY
2025-10-10 07:53:58,JUPUSDT,BUY,10.0000,SIM_BUY
2025-10-10 07:54:29,JUPUSDT,BUY,10.0000,SIM_BUY
2025-10-10 08:00:44,JUPUSDT,BUY,10.0000,SIM_BUY
2025-10-10 08:01:16,JUPUSDT,BUY,10.0000,SIM_BUY
2025-10-10 08:15:50,JUPUSDT,BUY,10.0000,SIM_BUY
2025-10-10 08:16:22,JUPUSDT,BUY,10.0000,SIM_BUY
2025-10-10 08:17:57,JUPUSDT,BUY,10.0000,SIM_BUY
2025-10-10 08:18:29,JUPUSDT,BUY,10.0000,SIM_BUY
2025-10-10 08:23:41,JUPUSDT,BUY,10.0000,SIM_BUY
2025-10-10 08:25:16,JUPUSDT,BUY,10.0000,SIM_BUY
2025-10-10 08:26:52,JUPUSDT,BUY,10.0000,SIM_BUY
2025-10-10 08:41:26,JUPUSDT,BUY,10.0000,SIM_BUY
2025-10-10 08:41:58,JUPUSDT,SELL,10.0000,SIM_SELL
2025-10-10 08:42:30,JUPUSDT,SELL,10.0000,SIM_SELL
2025-10-10 08:43:02,JUPUSDT,SELL,10.0000,SIM_SELL
2025-10-10 08:43:33,JUPUSDT,SELL,10.0000,SIM_SELL
2025-10-10 08:44:05,JUPUSDT,SELL,10.0000,SIM_SELL
2025-10-10 08:44:37,JUPUSDT,SELL,10.0000,SIM_SELL
2025-10-10 08:45:09,JUPUSDT,SELL,10.0000,SIM_SELL
2025-10-10 08:45:43,JUPUSDT,SELL,10.0000,SIM_SELL
2025-10-10 08:46:15,JUPUSDT,SELL,10.0000,SIM_SELL
2025-10-10 08:46:46,JUPUSDT,SELL,10.0000,SIM_SELL
2025-10-10 08:47:18,JUPUSDT,SELL,10.0000,SIM_SELL
2025-10-10 08:47:50,JUPUSDT,SELL,10.0000,SIM_SELL
2025-10-10 08:48:22,JUPUSDT,SELL,10.0000,SIM_SELL
2025-10-10 08:48:54,JUPUSDT,SELL,10.0000,SIM_SELL
2025-10-10 08:49:26,JUPUSDT,SELL,10.0000,SIM_SELL
2025-10-10 08:54:39,JUPUSDT,BUY,10.0000,SIM_BUY
2025-10-10 09:00:53,JUPUSDT,BUY,10.0000,SIM_BUY
2025-10-10 09:03:29,JUPUSDT,SELL,10.0000,SIM_SELL
2025-10-10 10:29:17,JUPUSDT,BUY,10.0000,SIM_BUY
2025-10-10 10:29:49,JUPUSDT,BUY,10.0000,SIM_BUY
2025-10-10 11:11:17,JUPUSDT,BUY,10.0000,SIM_BUY
2025-10-10 11:11:48,JUPUSDT,BUY,10.0000,SIM_BUY
2025-10-10 11:17:01,JUPUSDT,SELL,10.0000,SIM_SELL
2025-10-10 11:18:04,JUPUSDT,SELL,10.0000,SIM_SELL
2025-10-10 11:46:11,JUPUSDT,BUY,10.0000,SIM_BUY
2025-10-10 11:48:18,JUPUSDT,BUY,10.0000,SIM_BUY
2025-10-10 11:51:25,JUPUSDT,SELL,10.0000,SIM_SELL
2025-10-10 11:56:38,JUPUSDT,SELL,10.0000,SIM_SELL
2025-10-10 11:57:10,JUPUSDT,SELL,10.0000,SIM_SELL
2025-10-10 11:57:41,JUPUSDT,SELL,10.0000,SIM_SELL
2025-10-10 11:58:13,JUPUSDT,SELL,10.0000,SIM_SELL
2025-10-10 12:13:19,JUPUSDT,BUY,10.0000,SIM_BUY
2025-10-10 12:26:51,JUPUSDT,SELL,10.0000,SIM_SELL
2025-10-10 12:27:23,JUPUSDT,SELL,10.0000,SIM_SELL
2025-10-10 12:27:54,JUPUSDT,SELL,10.0000,SIM_SELL
2025-10-10 12:28:26,JUPUSDT,SELL,10.0000,SIM_SELL
2025-10-10 12:28:58,JUPUSDT,SELL,10.0000,SIM_SELL
2025-10-10 12:29:30,JUPUSDT,SELL,10.0000,SIM_SELL
2025-10-10 13:03:18,JUPUSDT,BUY,10.0000,SIM_BUY
2025-10-10 13:05:24,JUPUSDT,BUY,10.0000,SIM_BUY
2025-10-10 13:06:27,JUPUSDT,BUY,10.0000,SIM_BUY
2025-10-10 13:09:03,JUPUSDT,BUY,10.0000,SIM_BUY
2025-10-10 13:09:35,JUPUSDT,SELL,10.0000,SIM_SELL
2025-10-10 13:37:39,JUPUSDT,BUY,10.0000,SIM_BUY
2025-10-10 13:38:10,JUPUSDT,BUY,10.0000,SIM_BUY
2025-10-10 13:39:14,JUPUSDT,BUY,10.0000,SIM_BUY
2025-10-10 13:42:52,JUPUSDT,SELL,10.0000,SIM_SELL
2025-10-10 13:43:55,JUPUSDT,SELL,10.0000,SIM_SELL
2025-10-10 13:44:27,JUPUSDT,SELL,10.0000,SIM_SELL
2025-10-10 13:47:03,JUPUSDT,SELL,10.0000,SIM_SELL
2025-10-10 13:49:40,JUPUSDT,SELL,10.0000,SIM_SELL
2025-10-10 13:56:26,JUPUSDT,BUY,10.0000,SIM_BUY
2025-10-10 14:05:16,JUPUSDT,BUY,10.0000,SIM_BUY
2025-10-10 14:09:58,JUPUSDT,BUY,10.0000,SIM_BUY
2025-10-10 14:31:47,JUPUSDT,SELL,10.0000,SIM_SELL
2025-10-10 14:32:19,JUPUSDT,SELL,10.0000,SIM_SELL
2025-10-10 14:32:50,JUPUSDT,SELL,10.0000,SIM_SELL
2025-10-10 14:33:22,JUPUSDT,SELL,10.0000,SIM_SELL
2025-10-10 14:51:35,JUPUSDT,BUY,10.0000,SIM_BUY
2025-10-10 14:52:07,JUPUSDT,BUY,10.0000,SIM_BUY
2025-10-10 14:52:39,JUPUSDT,SELL,10.0000,SIM_SELL
2025-10-10 14:53:11,JUPUSDT,SELL,10.0000,SIM_SELL
2025-10-10 15:04:09,JUPUSDT,BUY,10.0000,SIM_BUY
2025-10-10 15:06:14,JUPUSDT,BUY,10.0000,SIM_BUY
2025-10-10 15:09:23,JUPUSDT,SELL,10.0000,SIM_SELL
2025-10-10 15:22:23,JUPUSDT,BUY,10.0000,SIM_BUY
2025-10-10 15:23:26,JUPUSDT,SELL,10.0000,SIM_SELL
2025-10-10 15:25:31,JUPUSDT,BUY,10.0000,SIM_BUY
2025-10-10 15:33:20,JUPUSDT,BUY,10.0000,SIM_BUY
2025-10-10 15:36:59,JUPUSDT,SELL,10.0000,SIM_SELL
2025-10-10 15:51:07,JUPUSDT,BUY,10.0000,SIM_BUY
2025-10-10 15:59:58,JUPUSDT,BUY,10.0000,SIM_BUY
2025-10-10 16:00:29,JUPUSDT,BUY,10.0000,SIM_BUY
2025-10-10 16:02:35,JUPUSDT,BUY,10.0000,SIM_BUY
2025-10-10 16:04:40,JUPUSDT,SELL,10.0000,SIM_SELL
2025-10-10 16:05:12,JUPUSDT,SELL,10.0000,SIM_SELL
2025-10-10 16:20:48,JUPUSDT,BUY,10.0000,SIM_BUY
2025-10-10 16:23:26,JUPUSDT,SELL,10.0000,SIM_SELL
2025-10-10 16:23:57,JUPUSDT,SELL,10.0000,SIM_SELL
2025-10-10 16:24:29,JUPUSDT,SELL,10.0000,SIM_SELL
2025-10-10 16:25:01,JUPUSDT,SELL,10.0000,SIM_SELL
2025-10-10 16:25:32,JUPUSDT,SELL,10.0000,SIM_SELL
2025-10-10 16:34:59,JUPUSDT,BUY,10.0000,SIM_BUY
2025-10-10 16:39:08,JUPUSDT,BUY,10.0000,SIM_BUY
2025-10-10 17:00:28,JUPUSDT,BUY,10.0000,SIM_BUY
2025-10-10 17:07:46,JUPUSDT,BUY,10.0000,SIM_BUY
2025-10-10 17:34:48,JUPUSDT,BUY,10.0000,SIM_BUY
2025-10-10 17:49:53,JUPUSDT,BUY,10.0000,SIM_BUY
2025-10-10 17:50:25,JUPUSDT,BUY,10.0000,SIM_BUY
2025-10-10 17:50:56,JUPUSDT,BUY,10.0000,SIM_BUY
2025-10-10 17:51:28,JUPUSDT,BUY,10.0000,SIM_BUY
2025-10-10 18:42:53,JUPUSDT,BUY,10.0000,SIM_BUY
2025-10-10 19:06:47,JUPUSDT,BUY,10.0000,SIM_BUY
2025-10-10 19:07:19,JUPUSDT,BUY,10.0000,SIM_BUY
2025-10-10 19:07:51,JUPUSDT,BUY,10.0000,SIM_BUY
2025-10-10 19:22:56,JUPUSDT,BUY,10.0000,SIM_BUY
2025-10-10 19:23:59,JUPUSDT,SELL,10.0000,SIM_SELL
2025-10-10 19:24:31,JUPUSDT,SELL,10.0000,SIM_SELL
2025-10-10 19:25:03,JUPUSDT,SELL,10.0000,SIM_SELL
2025-10-10 19:36:31,JUPUSDT,BUY,10.0000,SIM_BUY
2025-10-10 19:37:02,JUPUSDT,BUY,10.0000,SIM_BUY
2025-10-10 19:38:37,JUPUSDT,SELL,10.0000,SIM_SELL
2025-10-10 19:39:09,JUPUSDT,SELL,10.0000,SIM_SELL
2025-10-10 19:39:41,JUPUSDT,SELL,10.0000,SIM_SELL
2025-10-10 20:17:10,JUPUSDT,BUY,10.0000,SIM_BUY
2025-10-10 20:23:25,JUPUSDT,BUY,10.0000,SIM_BUY
2025-10-10 20:29:10,JUPUSDT,BUY,10.0000,SIM_BUY
2025-10-10 20:30:44,JUPUSDT,BUY,10.0000,SIM_BUY
2025-10-10 21:06:45,JUPUSDT,BUY,10.0000,SIM_BUY
2025-10-10 21:21:24,JUPUSDT,BUY,10.0000,SIM_BUY
2025-10-10 21:22:58,JUPUSDT,BUY,10.0000,SIM_BUY
2025-10-10 21:45:54,JUPUSDT,BUY,10.0000,SIM_BUY
2025-10-11 06:47:26,JUPUSDT,BUY,10.0000,SIM_BUY
2025-10-11 06:49:31,JUPUSDT,BUY,10.0000,SIM_BUY
2025-10-11 06:58:24,JUPUSDT,BUY,10.0000,SIM_BUY
2025-10-11 07:19:13,JUPUSDT,BUY,10.0000,SIM_BUY
2025-10-11 07:19:44,JUPUSDT,BUY,10.0000,SIM_BUY
2025-10-11 07:53:35,JUPUSDT,BUY,10.0000,SIM_BUY
2025-10-11 08:01:25,JUPUSDT,BUY,10.0000,SIM_BUY
2025-10-11 08:02:28,JUPUSDT,BUY,10.0000,SIM_BUY
2025-10-11 08:14:27,JUPUSDT,BUY,10.0000,SIM_BUY
2025-10-11 08:15:30,JUPUSDT,BUY,10.0000,SIM_BUY
2025-10-11 08:47:18,JUPUSDT,BUY,10.0000,SIM_BUY
2025-10-11 08:48:21,JUPUSDT,SELL,10.0000,SIM_SELL
2025-10-11 08:48:53,JUPUSDT,SELL,10.0000,SIM_SELL
2025-10-11 08:49:25,JUPUSDT,SELL,10.0000,SIM_SELL
2025-10-11 09:13:40,JUPUSDT,BUY,10.0000,SIM_BUY
2025-10-11 09:15:46,JUPUSDT,SELL,10.0000,SIM_SELL
2025-10-11 09:16:18,JUPUSDT,SELL,10.0000,SIM_SELL
2025-10-11 09:17:52,JUPUSDT,SELL,10.0000,SIM_SELL
2025-10-11 09:22:02,JUPUSDT,BUY,10.0000,SIM_BUY
2025-10-11 09:23:06,JUPUSDT,BUY,10.0000,SIM_BUY
2025-10-11 09:28:50,JUPUSDT,BUY,10.0000,SIM_BUY
2025-10-11 09:29:22,JUPUSDT,BUY,10.0000,SIM_BUY
2025-10-11 09:30:25,JUPUSDT,BUY,10.0000,SIM_BUY
2025-10-11 09:31:28,JUPUSDT,BUY,10.0000,SIM_BUY
2025-10-11 09:32:00,JUPUSDT,BUY,10.0000,SIM_BUY
2025-10-11 10:06:51,JUPUSDT,BUY,10.0000,SIM_BUY
2025-10-11 10:07:23,JUPUSDT,BUY,10.0000,SIM_BUY
2025-10-11 10:16:46,JUPUSDT,BUY,10.0000,SIM_BUY
2025-10-11 10:17:17,JUPUSDT,BUY,10.0000,SIM_BUY
2025-10-11 10:23:33,JUPUSDT,BUY,10.0000,SIM_BUY
2025-10-11 10:24:04,JUPUSDT,BUY,10.0000,SIM_BUY
2025-10-11 10:48:02,JUPUSDT,BUY,10.0000,SIM_BUY
2025-10-11 10:48:34,JUPUSDT,BUY,10.0000,SIM_BUY
2025-10-11 10:53:46,JUPUSDT,BUY,10.0000,SIM_BUY
2025-10-11 10:54:18,JUPUSDT,BUY,10.0000,SIM_BUY
2025-10-11 10:54:50,JUPUSDT,BUY,10.0000,SIM_BUY
2025-10-11 10:55:21,JUPUSDT,BUY,10.0000,SIM_BUY
2025-10-11 11:08:22,JUPUSDT,BUY,10.0000,SIM_BUY
2025-10-11 11:08:53,JUPUSDT,BUY,10.0000,SIM_BUY
2025-10-11 11:15:39,JUPUSDT,BUY,10.0000,SIM_BUY
2025-10-11 11:16:11,JUPUSDT,BUY,10.0000,SIM_BUY
2025-10-11 11:18:17,JUPUSDT,SELL,10.0000,SIM_SELL
2025-10-11 11:18:48,JUPUSDT,SELL,10.0000,SIM_SELL
2025-10-11 11:19:20,JUPUSDT,SELL,10.0000,SIM_SELL
2025-10-11 11:19:52,JUPUSDT,SELL,10.0000,SIM_SELL
2025-10-11 11:20:24,JUPUSDT,SELL,10.0000,SIM_SELL
2025-10-11 11:20:55,JUPUSDT,SELL,10.0000,SIM_SELL
2025-10-11 11:21:27,JUPUSDT,SELL,10.0000,SIM_SELL
2025-10-11 11:21:59,JUPUSDT,SELL,10.0000,SIM_SELL
2025-10-11 11:22:31,JUPUSDT,SELL,10.0000,SIM_SELL
2025-10-11 11:23:03,JUPUSDT,SELL,10.0000,SIM_SELL
2025-10-11 11:23:35,JUPUSDT,SELL,10.0000,SIM_SELL
2025-10-11 11:24:06,JUPUSDT,SELL,10.0000,SIM_SELL
2025-10-11 11:38:10,JUPUSDT,BUY,10.0000,SIM_BUY
2025-10-11 11:47:33,JUPUSDT,BUY,10.0000,SIM_BUY
2025-10-11 11:48:36,JUPUSDT,BUY,10.0000,SIM_BUY
2025-10-11 11:49:39,JUPUSDT,BUY,10.0000,SIM_BUY
2025-10-11 11:51:13,JUPUSDT,SELL,10.0000,SIM_SELL
2025-10-11 11:51:45,JUPUSDT,SELL,10.0000,SIM_SELL
2025-10-11 11:52:17,JUPUSDT,SELL,10.0000,SIM_SELL
2025-10-11 11:52:48,JUPUSDT,SELL,10.0000,SIM_SELL
2025-10-11 11:54:23,JUPUSDT,SELL,10.0000,SIM_SELL
2025-10-11 11:54:55,JUPUSDT,SELL,10.0000,SIM_SELL
2025-10-11 11:55:27,JUPUSDT,SELL,10.0000,SIM_SELL
2025-10-11 11:55:58,JUPUSDT,SELL,10.0000,SIM_SELL
2025-10-11 12:24:38,JUPUSDT,BUY,10.0000,SIM_BUY
2025-10-11 13:04:18,JUPUSDT,BUY,10.0000,SIM_BUY
2025-10-11 13:04:50,JUPUSDT,BUY,10.0000,SIM_BUY
2025-10-11 13:06:24,JUPUSDT,BUY,10.0000,SIM_BUY
2025-10-11 13:08:30,JUPUSDT,BUY,10.0000,SIM_BUY
2025-10-11 13:26:12,JUPUSDT,BUY,10.0000,SIM_BUY
2025-10-11 13:27:15,JUPUSDT,BUY,10.0000,SIM_BUY
2025-10-11 13:28:49,JUPUSDT,BUY,10.0000,SIM_BUY
2025-10-11 13:29:52,JUPUSDT,BUY,10.0000,SIM_BUY
2025-10-11 13:30:24,JUPUSDT,BUY,10.0000,SIM_BUY
2025-10-11 13:57:27,JUPUSDT,BUY,10.0000,SIM_BUY
2025-10-11 13:59:33,JUPUSDT,BUY,10.0000,SIM_BUY
2025-10-11 14:00:05,JUPUSDT,BUY,10.0000,SIM_BUY
2025-10-11 14:24:16,JUPUSDT,BUY,10.0000,SIM_BUY
2025-10-11 14:25:19,JUPUSDT,SELL,10.0000,SIM_SELL
2025-10-11 14:25:50,JUPUSDT,SELL,10.0000,SIM_SELL
2025-10-11 14:26:22,JUPUSDT,SELL,10.0000,SIM_SELL
2025-10-11 14:26:54,JUPUSDT,SELL,10.0000,SIM_SELL
2025-10-11 14:27:26,JUPUSDT,SELL,10.0000,SIM_SELL
2025-10-11 14:27:58,JUPUSDT,SELL,10.0000,SIM_SELL
2025-10-11 14:28:29,JUPUSDT,SELL,10.0000,SIM_SELL
2025-10-11 14:29:01,JUPUSDT,SELL,10.0000,SIM_SELL
2025-10-11 14:29:33,JUPUSDT,SELL,10.0000,SIM_SELL
2025-10-11 14:30:05,JUPUSDT,SELL,10.0000,SIM_SELL
2025-10-11 14:30:36,JUPUSDT,SELL,10.0000,SIM_SELL
2025-10-11 14:31:08,JUPUSDT,SELL,10.0000,SIM_SELL
2025-10-11 14:47:48,JUPUSDT,BUY,10.0000,SIM_BUY
2025-10-11 14:53:00,JUPUSDT,BUY,10.0000,SIM_BUY
2025-10-11 14:53:32,JUPUSDT,BUY,10.0000,SIM_BUY
2025-10-11 14:55:06,JUPUSDT,BUY,10.0000,SIM_BUY
2025-10-11 15:16:27,JUPUSDT,BUY,10.0000,SIM_BUY
2025-10-11 15:29:59,JUPUSDT,BUY,10.0000,SIM_BUY
2025-10-11 15:30:31,JUPUSDT,BUY,10.0000,SIM_BUY
2025-10-11 16:41:48,JUPUSDT,BUY,10.0000,SIM_BUY
2025-10-11 16:48:03,JUPUSDT,BUY,10.0000,SIM_BUY
2025-10-11 16:50:40,JUPUSDT,SELL,10.0000,SIM_SELL
2025-10-11 16:51:12,JUPUSDT,SELL,10.0000,SIM_SELL
2025-10-11 16:51:44,JUPUSDT,SELL,10.0000,SIM_SELL
2025-10-11 16:53:18,JUPUSDT,SELL,10.0000,SIM_SELL
2025-10-11 16:53:50,JUPUSDT,SELL,10.0000,SIM_SELL
2025-10-11 17:04:47,JUPUSDT,BUY,10.0000,SIM_BUY
2025-10-11 17:05:50,JUPUSDT,BUY,10.0000,SIM_BUY
2025-10-11 17:06:22,JUPUSDT,BUY,10.0000,SIM_BUY
2025-10-11 17:36:44,JUPUSDT,BUY,10.0000,SIM_BUY
2025-10-11 17:37:16,JUPUSDT,BUY,10.0000,SIM_BUY
2025-10-11 17:37:48,JUPUSDT,BUY,10.0000,SIM_BUY
2025-10-11 17:57:36,JUPUSDT,BUY,10.0000,SIM_BUY
2025-10-11 18:01:17,JUPUSDT,SELL,10.0000,SIM_SELL
2025-10-11 18:13:16,JUPUSDT,BUY,10.0000,SIM_BUY
2025-10-11 18:13:48,JUPUSDT,BUY,10.0000,SIM_BUY
2025-10-11 18:29:25,JUPUSDT,BUY,10.0000,SIM_BUY
2025-10-11 18:48:40,JUPUSDT,BUY,10.0000,SIM_BUY
2025-10-11 18:49:43,JUPUSDT,BUY,10.0000,SIM_BUY
2025-10-11 18:50:15,JUPUSDT,BUY,10.0000,SIM_BUY
2025-10-11 18:54:25,JUPUSDT,BUY,10.0000,SIM_BUY
2025-10-11 19:11:06,JUPUSDT,BUY,10.0000,SIM_BUY
2025-10-11 19:11:37,JUPUSDT,BUY,10.0000,SIM_BUY
2025-10-11 19:13:43,JUPUSDT,SELL,10.0000,SIM_SELL
2025-10-11 19:14:15,JUPUSDT,SELL,10.0000,SIM_SELL
2025-10-11 19:20:30,JUPUSDT,BUY,10.0000,SIM_BUY
2025-10-11 19:22:35,JUPUSDT,BUY,10.0000,SIM_BUY
2025-10-11 19:23:08,JUPUSDT,BUY,10.0000,SIM_BUY
2025-10-11 19:23:40,JUPUSDT,BUY,10.0000,SIM_BUY
2025-10-11 19:48:06,JUPUSDT,BUY,10.0000,SIM_BUY
2025-10-11 19:51:14,JUPUSDT,BUY,10.0000,SIM_BUY
2025-10-11 19:53:50,JUPUSDT,BUY,10.0000,SIM_BUY
2025-10-11 19:56:28,JUPUSDT,BUY,10.0000,SIM_BUY
2025-10-11 20:02:43,JUPUSDT,BUY,10.0000,SIM_BUY
2025-10-11 20:08:27,JUPUSDT,BUY,10.0000,SIM_BUY
2025-10-11 20:09:30,JUPUSDT,BUY,10.0000,SIM_BUY
2025-10-11 20:10:04,JUPUSDT,BUY,10.0000,SIM_BUY
2025-10-11 20:10:37,JUPUSDT,BUY,10.0000,SIM_BUY
2025-10-11 20:14:47,JUPUSDT,BUY,10.0000,SIM_BUY
2025-10-11 20:15:50,JUPUSDT,BUY,10.0000,SIM_BUY
2025-10-12 06:21:41,JUPUSDT,BUY,10.0000,SIM_BUY
2025-10-12 06:22:13,JUPUSDT,BUY,10.0000,SIM_BUY
2025-10-12 06:23:47,JUPUSDT,SELL,10.0000,SIM_SELL
2025-10-12 06:24:19,JUPUSDT,SELL,10.0000,SIM_SELL
2025-10-12 06:24:51,JUPUSDT,SELL,10.0000,SIM_SELL
2025-10-12 06:25:23,JUPUSDT,SELL,10.0000,SIM_SELL
2025-10-12 06:25:54,JUPUSDT,SELL,10.0000,SIM_SELL
2025-10-12 06:26:26,JUPUSDT,SELL,10.0000,SIM_SELL
2025-10-12 06:32:42,JUPUSDT,BUY,10.0000,SIM_BUY
2025-10-12 06:33:14,JUPUSDT,BUY,10.0000,SIM_BUY
2025-10-12 06:39:29,JUPUSDT,BUY,10.0000,SIM_BUY
2025-10-12 06:41:03,JUPUSDT,BUY,10.0000,SIM_BUY
2025-10-12 06:44:10,JUPUSDT,BUY,10.0000,SIM_BUY
2025-10-12 07:04:29,JUPUSDT,BUY,10.0000,SIM_BUY
2025-10-12 07:05:01,JUPUSDT,BUY,10.0000,SIM_BUY
2025-10-12 07:09:42,JUPUSDT,SELL,10.0000,SIM_SELL
2025-10-12 07:13:21,JUPUSDT,SELL,10.0000,SIM_SELL
2025-10-12 07:17:31,JUPUSDT,SELL,10.0000,SIM_SELL
2025-10-12 07:18:03,JUPUSDT,SELL,10.0000,SIM_SELL
2025-10-12 07:18:35,JUPUSDT,SELL,10.0000,SIM_SELL
2025-10-12 07:23:48,JUPUSDT,SELL,10.0000,SIM_SELL
2025-10-12 07:24:20,JUPUSDT,SELL,10.0000,SIM_SELL
2025-10-12 08:23:41,JUPUSDT,BUY,10.0000,SIM_BUY
2025-10-12 08:24:13,JUPUSDT,BUY,10.0000,SIM_BUY
2025-10-12 08:26:18,JUPUSDT,BUY,10.0000,SIM_BUY
2025-10-12 08:48:41,JUPUSDT,BUY,10.0000,SIM_BUY
2025-10-12 09:07:25,JUPUSDT,BUY,10.0000,SIM_BUY
2025-10-12 09:12:06,JUPUSDT,BUY,10.0000,SIM_BUY
2025-10-12 09:13:09,JUPUSDT,SELL,10.0000,SIM_SELL
2025-10-12 09:27:14,JUPUSDT,BUY,10.0000,SIM_BUY
2025-10-12 09:47:04,JUPUSDT,SELL,10.0000,SIM_SELL
2025-10-12 09:47:35,JUPUSDT,SELL,10.0000,SIM_SELL
2025-10-12 10:07:53,JUPUSDT,BUY,10.0000,SIM_BUY
2025-10-12 10:08:25,JUPUSDT,BUY,10.0000,SIM_BUY
2025-10-12 10:20:59,JUPUSDT,BUY,10.0000,SIM_BUY
2025-10-12 10:23:40,JUPUSDT,BUY,10.0000,SIM_BUY
2025-10-12 10:40:54,JUPUSDT,BUY,10.0000,SIM_BUY
2025-10-12 10:43:00,JUPUSDT,SELL,10.0000,SIM_SELL
2025-10-12 11:05:54,JUPUSDT,BUY,10.0000,SIM_BUY
2025-10-12 11:08:00,JUPUSDT,SELL,10.0000,SIM_SELL
2025-10-12 11:08:31,JUPUSDT,SELL,10.0000,SIM_SELL
2025-10-12 11:21:02,JUPUSDT,BUY,10.0000,SIM_BUY
2025-10-12 11:21:34,JUPUSDT,BUY,10.0000,SIM_BUY
2025-10-12 11:23:40,JUPUSDT,BUY,10.0000,SIM_BUY
2025-10-12 11:24:12,JUPUSDT,BUY,10.0000,SIM_BUY
2025-10-12 11:32:32,JUPUSDT,BUY,10.0000,SIM_BUY
2025-10-12 11:33:04,JUPUSDT,BUY,10.0000,SIM_BUY
2025-10-12 11:34:38,JUPUSDT,BUY,10.0000,SIM_BUY
2025-10-12 12:17:47,JUPUSDT,BUY,10.0000,SIM_BUY
2025-10-12 12:18:50,JUPUSDT,BUY,10.0000,SIM_BUY
2025-10-12 12:25:06,JUPUSDT,BUY,10.0000,SIM_BUY
2025-10-12 12:31:22,JUPUSDT,BUY,10.0000,SIM_BUY
2025-10-12 12:31:54,JUPUSDT,BUY,10.0000,SIM_BUY
2025-10-12 12:41:17,JUPUSDT,BUY,10.0000,SIM_BUY
2025-10-12 12:41:49,JUPUSDT,BUY,10.0000,SIM_BUY
2025-10-12 12:57:56,JUPUSDT,SELL,10.0000,SIM_SELL
2025-10-12 13:26:33,JUPUSDT,BUY,10.0000,SIM_BUY
2025-10-12 13:27:05,JUPUSDT,BUY,10.0000,SIM_BUY
2025-10-12 14:00:53,JUPUSDT,BUY,10.0000,SIM_BUY
2025-10-12 14:01:25,JUPUSDT,BUY,10.0000,SIM_BUY
2025-10-12 14:01:57,JUPUSDT,BUY,10.0000,SIM_BUY
2025-10-12 14:06:38,JUPUSDT,BUY,10.0000,SIM_BUY
2025-10-12 14:33:12,JUPUSDT,BUY,10.0000,SIM_BUY
2025-10-12 14:35:18,JUPUSDT,BUY,10.0000,SIM_BUY
2025-10-12 14:35:50,JUPUSDT,BUY,10.0000,SIM_BUY
2025-10-12 15:01:51,JUPUSDT,BUY,10.0000,SIM_BUY
2025-10-12 15:03:25,JUPUSDT,BUY,10.0000,SIM_BUY
2025-10-12 15:04:28,JUPUSDT,BUY,10.0000,SIM_BUY
2025-10-12 15:05:31,JUPUSDT,SELL,10.0000,SIM_SELL
2025-10-12 15:06:03,JUPUSDT,SELL,10.0000,SIM_SELL
2025-10-12 15:06:36,JUPUSDT,SELL,10.0000,SIM_SELL
2025-10-12 15:07:08,JUPUSDT,SELL,10.0000,SIM_SELL
2025-10-12 15:07:40,JUPUSDT,SELL,10.0000,SIM_SELL
2025-10-12 15:08:12,JUPUSDT,SELL,10.0000,SIM_SELL
2025-10-12 15:08:44,JUPUSDT,SELL,10.0000,SIM_SELL
2025-10-12 15:09:16,JUPUSDT,SELL,10.0000,SIM_SELL
2025-10-12 15:09:48,JUPUSDT,SELL,10.0000,SIM_SELL
2025-10-12 15:10:20,JUPUSDT,SELL,10.0000,SIM_SELL
2025-10-12 15:10:52,JUPUSDT,SELL,10.0000,SIM_SELL
2025-10-12 15:11:24,JUPUSDT,SELL,10.0000,SIM_SELL
2025-10-12 15:11:56,JUPUSDT,SELL,10.0000,SIM_SELL
2025-10-12 15:12:28,JUPUSDT,SELL,10.0000,SIM_SELL
2025-10-12 15:13:00,JUPUSDT,SELL,10.0000,SIM_SELL
2025-10-12 15:23:56,JUPUSDT,BUY,10.0000,SIM_BUY
2025-10-12 16:08:46,JUPUSDT,BUY,10.0000,SIM_BUY
2025-10-12 16:09:18,JUPUSDT,BUY,10.0000,SIM_BUY
2025-10-12 16:10:52,JUPUSDT,BUY,10.0000,SIM_BUY
2025-10-12 16:11:24,JUPUSDT,BUY,10.0000,SIM_BUY
2025-10-12 16:11:56,JUPUSDT,BUY,10.0000,SIM_BUY
2025-10-12 16:12:59,JUPUSDT,SELL,10.0000,SIM_SELL
2025-10-12 17:00:57,JUPUSDT,BUY,10.0000,SIM_BUY
2025-10-12 17:01:29,JUPUSDT,BUY,10.0000,SIM_BUY
2025-10-12 17:02:32,JUPUSDT,BUY,10.0000,SIM_BUY
2025-10-12 17:03:05,JUPUSDT,BUY,10.0000,SIM_BUY
2025-10-12 17:06:13,JUPUSDT,SELL,10.0000,SIM_SELL
2025-10-12 17:15:36,JUPUSDT,BUY,10.0000,SIM_BUY
2025-10-12 17:37:32,JUPUSDT,BUY,10.0000,SIM_BUY
2025-10-12 18:03:38,JUPUSDT,BUY,10.0000,SIM_BUY
2025-10-12 18:05:44,JUPUSDT,BUY,10.0000,SIM_BUY
2025-10-12 18:06:16,JUPUSDT,SELL,10.0000,SIM_SELL
2025-10-12 18:06:48,JUPUSDT,SELL,10.0000,SIM_SELL
2025-10-12 18:13:35,JUPUSDT,BUY,10.0000,SIM_BUY
2025-10-12 18:14:38,JUPUSDT,BUY,10.0000,SIM_BUY
2025-10-12 18:17:15,JUPUSDT,BUY,10.0000,SIM_BUY
2025-10-12 18:17:47,JUPUSDT,BUY,10.0000,SIM_BUY
2025-10-12 18:24:34,JUPUSDT,BUY,10.0000,SIM_BUY
2025-10-12 18:25:07,JUPUSDT,BUY,10.0000,SIM_BUY
2025-10-12 18:41:15,JUPUSDT,BUY,10.0000,SIM_BUY
2025-10-12 18:45:57,JUPUSDT,BUY,10.0000,SIM_BUY
2025-10-12 18:47:00,JUPUSDT,BUY,10.0000,SIM_BUY
2025-10-12 18:48:35,JUPUSDT,BUY,10.0000,SIM_BUY
2025-10-12 18:49:07,JUPUSDT,BUY,10.0000,SIM_BUY
2025-10-12 18:50:41,JUPUSDT,BUY,10.0000,SIM_BUY
2025-10-12 18:54:53,JUPUSDT,SELL,10.0000,SIM_SELL
2025-10-12 19:00:39,JUPUSDT,BUY,10.0000,SIM_BUY
2025-10-12 19:01:11,JUPUSDT,BUY,10.0000,SIM_BUY
2025-10-12 19:04:52,JUPUSDT,BUY,10.0000,SIM_BUY
2025-10-12 19:05:25,JUPUSDT,BUY,10.0000,SIM_BUY
2025-10-12 19:07:00,JUPUSDT,SELL,10.0000,SIM_SELL
2025-10-12 19:07:32,JUPUSDT,SELL,10.0000,SIM_SELL
2025-10-12 19:22:43,JUPUSDT,BUY,10.0000,SIM_BUY
2025-10-12 19:26:24,JUPUSDT,BUY,10.0000,SIM_BUY
2025-10-12 19:44:47,JUPUSDT,BUY,10.0000,SIM_BUY
2025-10-12 19:45:20,JUPUSDT,SELL,10.0000,SIM_SELL
2025-10-12 19:45:52,JUPUSDT,SELL,10.0000,SIM_SELL
2025-10-12 19:46:24,JUPUSDT,SELL,10.0000,SIM_SELL
2025-10-12 20:01:05,JUPUSDT,BUY,10.0000,SIM_BUY
2025-10-12 20:05:17,JUPUSDT,BUY,10.0000,SIM_BUY
2025-10-12 20:09:28,JUPUSDT,BUY,10.0000,SIM_BUY
2025-10-12 20:23:36,JUPUSDT,BUY,10.0000,SIM_BUY
2025-10-12 20:39:18,JUPUSDT,BUY,10.0000,SIM_BUY
2025-10-12 20:40:52,JUPUSDT,BUY,10.0000,SIM_BUY
2025-10-12 20:41:24,JUPUSDT,BUY,10.0000,SIM_BUY
2025-10-12 20:46:06,JUPUSDT,BUY,10.0000,SIM_BUY
2025-10-12 21:01:16,JUPUSDT,BUY,10.0000,SIM_BUY
2025-10-12 21:03:53,JUPUSDT,BUY,10.0000,SIM_BUY
2025-10-12 21:04:56,JUPUSDT,BUY,10.0000,SIM_BUY
2025-10-12 21:10:10,JUPUSDT,BUY,10.0000,SIM_BUY
2025-10-12 21:34:06,JUPUSDT,BUY,10.0000,SIM_BUY
2025-10-13 07:03:12,JUPUSDT,BUY,10.0000,SIM_BUY
2025-10-13 07:04:15,JUPUSDT,BUY,10.0000,SIM_BUY
2025-10-13 07:05:49,JUPUSDT,SELL,10.0000,SIM_SELL
2025-10-13 07:06:21,JUPUSDT,SELL,10.0000,SIM_SELL
2025-10-13 07:32:22,JUPUSDT,BUY,10.0000,SIM_BUY
2025-10-13 07:50:35,JUPUSDT,BUY,10.0000,SIM_BUY
2025-10-13 07:58:55,JUPUSDT,BUY,10.0000,SIM_BUY
2025-10-13 08:25:59,JUPUSDT,BUY,10.0000,SIM_BUY
2025-10-13 08:26:31,JUPUSDT,BUY,10.0000,SIM_BUY
2025-10-13 08:28:36,JUPUSDT,BUY,10.0000,SIM_BUY
2025-10-13 08:29:08,JUPUSDT,BUY,10.0000,SIM_BUY
2025-10-13 08:33:18,JUPUSDT,BUY,10.0000,SIM_BUY
2025-10-13 08:49:57,JUPUSDT,BUY,10.0000,SIM_BUY
2025-10-13 09:07:08,JUPUSDT,BUY,10.0000,SIM_BUY
2025-10-13 09:08:42,JUPUSDT,BUY,10.0000,SIM_BUY
2025-10-13 09:09:14,JUPUSDT,BUY,10.0000,SIM_BUY
2025-10-13 09:10:17,JUPUSDT,SELL,10.0000,SIM_SELL
2025-10-13 09:10:49,JUPUSDT,SELL,10.0000,SIM_SELL
2025-10-13 09:11:21,JUPUSDT,SELL,10.0000,SIM_SELL
2025-10-13 09:18:39,JUPUSDT,BUY,10.0000,SIM_BUY
2025-10-13 09:30:07,JUPUSDT,BUY,10.0000,SIM_BUY
2025-10-13 09:31:10,JUPUSDT,BUY,10.0000,SIM_BUY
2025-10-13 09:32:13,JUPUSDT,SELL,10.0000,SIM_SELL
2025-10-13 09:32:45,JUPUSDT,SELL,10.0000,SIM_SELL
2025-10-13 09:33:17,JUPUSDT,SELL,10.0000,SIM_SELL
2025-10-13 09:33:48,JUPUSDT,SELL,10.0000,SIM_SELL
2025-10-13 09:34:20,JUPUSDT,SELL,10.0000,SIM_SELL
2025-10-13 09:53:04,JUPUSDT,SELL,10.0000,SIM_SELL
2025-10-13 09:53:36,JUPUSDT,SELL,10.0000,SIM_SELL
2025-10-13 09:55:41,JUPUSDT,SELL,10.0000,SIM_SELL
2025-10-13 10:06:37,JUPUSDT,BUY,10.0000,SIM_BUY
2025-10-13 10:07:09,JUPUSDT,BUY,10.0000,SIM_BUY
2025-10-13 10:09:14,JUPUSDT,BUY,10.0000,SIM_BUY
2025-10-13 10:10:48,JUPUSDT,BUY,10.0000,SIM_BUY
2025-10-13 10:22:16,JUPUSDT,BUY,10.0000,SIM_BUY
2025-10-13 10:24:52,JUPUSDT,SELL,10.0000,SIM_SELL
2025-10-13 10:25:24,JUPUSDT,SELL,10.0000,SIM_SELL
2025-10-13 10:40:35,JUPUSDT,BUY,10.0000,SIM_BUY
2025-10-13 10:41:08,JUPUSDT,BUY,10.0000,SIM_BUY
2025-10-13 10:42:42,JUPUSDT,BUY,10.0000,SIM_BUY
2025-10-13 11:04:34,JUPUSDT,BUY,10.0000,SIM_BUY
2025-10-13 11:08:44,JUPUSDT,BUY,10.0000,SIM_BUY
2025-10-13 11:17:03,JUPUSDT,BUY,10.0000,SIM_BUY
2025-10-13 11:23:22,JUPUSDT,BUY,10.0000,SIM_BUY
2025-10-13 11:27:32,JUPUSDT,BUY,10.0000,SIM_BUY
2025-10-13 11:29:37,JUPUSDT,BUY,10.0000,SIM_BUY
2025-10-13 11:30:09,JUPUSDT,BUY,10.0000,SIM_BUY
2025-10-13 11:30:41,JUPUSDT,BUY,10.0000,SIM_BUY
2025-10-13 11:33:49,JUPUSDT,SELL,10.0000,SIM_SELL
2025-10-13 11:34:20,JUPUSDT,SELL,10.0000,SIM_SELL
2025-10-13 11:34:52,JUPUSDT,SELL,10.0000,SIM_SELL
2025-10-13 11:40:37,JUPUSDT,BUY,10.0000,SIM_BUY
2025-10-13 11:41:08,JUPUSDT,BUY,10.0000,SIM_BUY
2025-10-13 11:41:40,JUPUSDT,BUY,10.0000,SIM_BUY
2025-10-13 11:42:12,JUPUSDT,BUY,10.0000,SIM_BUY
2025-10-13 11:55:45,JUPUSDT,SELL,10.0000,SIM_SELL
2025-10-13 12:31:45,JUPUSDT,BUY,10.0000,SIM_BUY
2025-10-13 12:34:21,JUPUSDT,BUY,10.0000,SIM_BUY
2025-10-13 12:34:54,JUPUSDT,BUY,10.0000,SIM_BUY
2025-10-13 12:55:21,JUPUSDT,BUY,10.0000,SIM_BUY
2025-10-13 12:57:27,JUPUSDT,BUY,10.0000,SIM_BUY
2025-10-13 12:57:59,JUPUSDT,BUY,10.0000,SIM_BUY
2025-10-13 13:24:33,JUPUSDT,BUY,10.0000,SIM_BUY
2025-10-13 13:49:32,JUPUSDT,BUY,10.0000,SIM_BUY
2025-10-13 13:50:04,JUPUSDT,BUY,10.0000,SIM_BUY
2025-10-13 14:41:07,JUPUSDT,BUY,10.0000,SIM_BUY
2025-10-13 14:41:38,JUPUSDT,BUY,10.0000,SIM_BUY
2025-10-13 14:42:10,JUPUSDT,BUY,10.0000,SIM_BUY
2025-10-13 14:42:42,JUPUSDT,BUY,10.0000,SIM_BUY
2025-10-13 14:43:45,JUPUSDT,BUY,10.0000,SIM_BUY
2025-10-13 14:46:22,JUPUSDT,SELL,10.0000,SIM_SELL
2025-10-13 14:54:42,JUPUSDT,BUY,10.0000,SIM_BUY
2025-10-13 15:07:44,JUPUSDT,BUY,10.0000,SIM_BUY
2025-10-13 15:10:21,JUPUSDT,SELL,10.0000,SIM_SELL
2025-10-13 15:10:52,JUPUSDT,SELL,10.0000,SIM_SELL
2025-10-13 15:11:24,JUPUSDT,SELL,10.0000,SIM_SELL
2025-10-13 15:11:56,JUPUSDT,SELL,10.0000,SIM_SELL
2025-10-13 15:29:38,JUPUSDT,BUY,10.0000,SIM_BUY
2025-10-13 15:30:41,JUPUSDT,BUY,10.0000,SIM_BUY
2025-10-13 15:31:44,JUPUSDT,BUY,10.0000,SIM_BUY
2025-10-13 15:32:15,JUPUSDT,BUY,10.0000,SIM_BUY
2025-10-13 15:32:47,JUPUSDT,BUY,10.0000,SIM_BUY
2025-10-13 15:34:53,JUPUSDT,SELL,10.0000,SIM_SELL
2025-10-13 15:48:24,JUPUSDT,BUY,10.0000,SIM_BUY
2025-10-13 16:05:34,JUPUSDT,BUY,10.0000,SIM_BUY
2025-10-13 16:30:33,JUPUSDT,BUY,10.0000,SIM_BUY
2025-10-13 16:33:10,JUPUSDT,SELL,10.0000,SIM_SELL
2025-10-13 16:33:42,JUPUSDT,SELL,10.0000,SIM_SELL
2025-10-13 16:52:27,JUPUSDT,BUY,10.0000,SIM_BUY
2025-10-13 16:52:58,JUPUSDT,BUY,10.0000,SIM_BUY
2025-10-13 16:53:30,JUPUSDT,BUY,10.0000,SIM_BUY
2025-10-13 16:59:45,JUPUSDT,BUY,10.0000,SIM_BUY
2025-10-13 17:00:17,JUPUSDT,BUY,10.0000,SIM_BUY
2025-10-13 17:34:38,JUPUSDT,BUY,10.0000,SIM_BUY
2025-10-13 17:35:10,JUPUSDT,BUY,10.0000,SIM_BUY
2025-10-13 17:36:13,JUPUSDT,BUY,10.0000,SIM_BUY
2025-10-13 17:37:16,JUPUSDT,BUY,10.0000,SIM_BUY
2025-10-13 17:39:22,JUPUSDT,SELL,10.0000,SIM_SELL
2025-10-13 18:01:19,JUPUSDT,BUY,10.0000,SIM_BUY
2025-10-13 18:01:52,JUPUSDT,BUY,10.0000,SIM_BUY
2025-10-13 18:05:05,JUPUSDT,BUY,10.0000,SIM_BUY
2025-10-13 18:05:37,JUPUSDT,BUY,10.0000,SIM_BUY
2025-10-13 18:10:19,JUPUSDT,BUY,10.0000,SIM_BUY
2025-10-13 18:10:51,JUPUSDT,BUY,10.0000,SIM_BUY
2025-10-13 18:11:25,JUPUSDT,BUY,10.0000,SIM_BUY
2025-10-13 18:12:59,JUPUSDT,BUY,10.0000,SIM_BUY
2025-10-13 18:31:44,JUPUSDT,BUY,10.0000,SIM_BUY
2025-10-13 18:32:16,JUPUSDT,BUY,10.0000,SIM_BUY
2025-10-13 18:47:52,JUPUSDT,BUY,10.0000,SIM_BUY
2025-10-13 18:49:26,JUPUSDT,BUY,10.0000,SIM_BUY
2025-10-13 18:49:58,JUPUSDT,BUY,10.0000,SIM_BUY
2025-10-13 19:08:43,JUPUSDT,BUY,10.0000,SIM_BUY
2025-10-13 19:09:15,JUPUSDT,BUY,10.0000,SIM_BUY
2025-10-13 19:10:49,JUPUSDT,BUY,10.0000,SIM_BUY
2025-10-13 19:11:53,JUPUSDT,BUY,10.0000,SIM_BUY
2025-10-13 19:24:55,JUPUSDT,BUY,10.0000,SIM_BUY
2025-10-13 19:25:27,JUPUSDT,BUY,10.0000,SIM_BUY
2025-10-13 19:38:59,JUPUSDT,BUY,10.0000,SIM_BUY
2025-10-13 20:07:04,JUPUSDT,SELL,10.0000,SIM_SELL
2025-10-13 20:22:41,JUPUSDT,BUY,10.0000,SIM_BUY
2025-10-13 20:23:14,JUPUSDT,BUY,10.0000,SIM_BUY
2025-10-13 20:23:45,JUPUSDT,BUY,10.0000,SIM_BUY
2025-10-13 20:36:46,JUPUSDT,BUY,10.0000,SIM_BUY
2025-10-13 20:53:55,JUPUSDT,BUY,10.0000,SIM_BUY
2025-10-13 20:55:30,JUPUSDT,BUY,10.0000,SIM_BUY
2025-10-13 20:58:07,JUPUSDT,SELL,10.0000,SIM_SELL
2025-10-13 21:00:12,JUPUSDT,SELL,10.0000,SIM_SELL
2025-10-13 21:18:30,JUPUSDT,BUY,10.0000,SIM_BUY
2025-10-13 21:19:33,JUPUSDT,BUY,10.0000,SIM_BUY
2025-10-13 21:22:41,JUPUSDT,BUY,10.0000,SIM_BUY
2025-10-14 06:36:06,JUPUSDT,BUY,10.0000,SIM_BUY
2025-10-14 06:42:52,JUPUSDT,BUY,10.0000,SIM_BUY
2025-10-14 06:43:56,JUPUSDT,BUY,10.0000,SIM_BUY
2025-10-14 06:45:30,JUPUSDT,BUY,10.0000,SIM_BUY
2025-10-14 06:47:35,JUPUSDT,SELL,10.0000,SIM_SELL
2025-10-14 07:25:03,JUPUSDT,BUY,10.0000,SIM_BUY
2025-10-14 07:26:06,JUPUSDT,BUY,10.0000,SIM_BUY
2025-10-14 07:26:38,JUPUSDT,BUY,10.0000,SIM_BUY
2025-10-14 08:01:36,JUPUSDT,BUY,10.0000,SIM_BUY
2025-10-14 08:02:08,JUPUSDT,BUY,10.0000,SIM_BUY
2025-10-14 08:04:44,JUPUSDT,BUY,10.0000,SIM_BUY
2025-10-14 08:06:50,JUPUSDT,BUY,10.0000,SIM_BUY
2025-10-14 08:07:22,JUPUSDT,BUY,10.0000,SIM_BUY
2025-10-14 08:11:01,JUPUSDT,BUY,10.0000,SIM_BUY
2025-10-14 08:12:35,JUPUSDT,BUY,10.0000,SIM_BUY
2025-10-14 08:48:03,JUPUSDT,BUY,10.0000,SIM_BUY
2025-10-14 09:54:15,JUPUSDT,BUY,10.0000,SIM_BUY
2025-10-14 09:54:46,JUPUSDT,BUY,10.0000,SIM_BUY
2025-10-14 09:57:23,JUPUSDT,BUY,10.0000,SIM_BUY
2025-10-14 10:01:33,JUPUSDT,BUY,10.0000,SIM_BUY
2025-10-14 10:02:36,JUPUSDT,BUY,10.0000,SIM_BUY
2025-10-14 10:03:08,JUPUSDT,BUY,10.0000,SIM_BUY
2025-10-14 10:16:09,JUPUSDT,BUY,10.0000,SIM_BUY
2025-10-14 10:19:48,JUPUSDT,BUY,10.0000,SIM_BUY
2025-10-14 11:09:16,JUPUSDT,BUY,10.0000,SIM_BUY
2025-10-14 11:11:52,JUPUSDT,BUY,10.0000,SIM_BUY
2025-10-14 11:12:24,JUPUSDT,BUY,10.0000,SIM_BUY
2025-10-14 11:12:56,JUPUSDT,BUY,10.0000,SIM_BUY
2025-10-14 11:15:02,JUPUSDT,BUY,10.0000,SIM_BUY
2025-10-14 12:27:05,JUPUSDT,BUY,10.0000,SIM_BUY
2025-10-14 12:27:37,JUPUSDT,BUY,10.0000,SIM_BUY
2025-10-14 13:39:54,JUPUSDT,BUY,10.0000,SIM_BUY
2025-10-14 13:51:52,JUPUSDT,BUY,10.0000,SIM_BUY
2025-10-14 13:57:04,JUPUSDT,BUY,10.0000,SIM_BUY
2025-10-14 14:04:21,JUPUSDT,BUY,10.0000,SIM_BUY
2025-10-14 14:08:31,JUPUSDT,BUY,10.0000,SIM_BUY
2025-10-14 14:15:18,JUPUSDT,BUY,10.0000,SIM_BUY
2025-10-14 14:33:35,JUPUSDT,BUY,10.0000,SIM_BUY
2025-10-14 14:50:23,JUPUSDT,BUY,10.0000,SIM_BUY
2025-10-14 15:53:22,JUPUSDT,BUY,10.0000,SIM_BUY
2025-10-14 16:24:34,JUPUSDT,BUY,10.0000,SIM_BUY
2025-10-14 16:26:40,JUPUSDT,BUY,10.0000,SIM_BUY
2025-10-14 16:32:55,JUPUSDT,BUY,10.0000,SIM_BUY
2025-10-14 16:48:17,JUPUSDT,BUY,10.0000,SIM_BUY
2025-10-14 17:14:12,JUPUSDT,BUY,10.0000,SIM_BUY
2025-10-14 17:15:15,JUPUSDT,SELL,10.0000,SIM_SELL
2025-10-14 17:16:49,JUPUSDT,SELL,10.0000,SIM_SELL
2025-10-14 17:17:52,JUPUSDT,SELL,10.0000,SIM_SELL
2025-10-14 17:41:49,JUPUSDT,SELL,10.0000,SIM_SELL
2025-10-14 17:42:21,JUPUSDT,SELL,10.0000,SIM_SELL
2025-10-14 17:42:52,JUPUSDT,SELL,10.0000,SIM_SELL
2025-10-14 17:43:24,JUPUSDT,SELL,10.0000,SIM_SELL
2025-10-14 17:43:56,JUPUSDT,SELL,10.0000,SIM_SELL
2025-10-14 17:44:28,JUPUSDT,SELL,10.0000,SIM_SELL
2025-10-14 17:45:00,JUPUSDT,SELL,10.0000,SIM_SELL
2025-10-14 17:45:32,JUPUSDT,SELL,10.0000,SIM_SELL
2025-10-14 17:46:04,JUPUSDT,SELL,10.0000,SIM_SELL
2025-10-14 17:46:35,JUPUSDT,SELL,10.0000,SIM_SELL
2025-10-14 17:47:07,JUPUSDT,SELL,10.0000,SIM_SELL
2025-10-14 17:47:39,JUPUSDT,SELL,10.0000,SIM_SELL
2025-10-14 18:03:49,JUPUSDT,BUY,10.0000,SIM_BUY
2025-10-14 18:24:37,JUPUSDT,BUY,10.0000,SIM_BUY
2025-10-14 18:25:09,JUPUSDT,BUY,10.0000,SIM_BUY
2025-10-14 18:30:23,JUPUSDT,BUY,10.0000,SIM_BUY
2025-10-14 18:33:31,JUPUSDT,BUY,10.0000,SIM_BUY
2025-10-14 18:36:40,JUPUSDT,BUY,10.0000,SIM_BUY
2025-10-14 18:42:23,JUPUSDT,BUY,10.0000,SIM_BUY
2025-10-14 18:42:55,JUPUSDT,BUY,10.0000,SIM_BUY
2025-10-14 18:43:27,JUPUSDT,BUY,10.0000,SIM_BUY
2025-10-14 18:46:03,JUPUSDT,SELL,10.0000,SIM_SELL
2025-10-14 18:46:35,JUPUSDT,SELL,10.0000,SIM_SELL
2025-10-14 18:51:17,JUPUSDT,BUY,10.0000,SIM_BUY
2025-10-14 18:51:50,JUPUSDT,BUY,10.0000,SIM_BUY
2025-10-14 18:52:22,JUPUSDT,BUY,10.0000,SIM_BUY
2025-10-14 18:53:56,JUPUSDT,BUY,10.0000,SIM_BUY
2025-10-14 18:55:08,JUPUSDT,SELL,10.0000,SIM_SELL
2025-10-14 18:56:42,JUPUSDT,SELL,10.0000,SIM_SELL
2025-10-14 18:59:51,JUPUSDT,BUY,10.0000,SIM_BUY
2025-10-14 19:11:50,JUPUSDT,BUY,10.0000,SIM_BUY
2025-10-14 19:16:01,JUPUSDT,SELL,10.0000,SIM_SELL
2025-10-14 19:16:32,JUPUSDT,SELL,10.0000,SIM_SELL
2025-10-14 19:17:04,JUPUSDT,SELL,10.0000,SIM_SELL
2025-10-14 19:49:54,JUPUSDT,BUY,10.0000,SIM_BUY
2025-10-14 19:50:57,JUPUSDT,BUY,10.0000,SIM_BUY
2025-10-14 19:51:29,JUPUSDT,BUY,10.0000,SIM_BUY
2025-10-14 20:09:10,JUPUSDT,SELL,10.0000,SIM_SELL
2025-10-14 20:09:42,JUPUSDT,SELL,10.0000,SIM_SELL
2025-10-14 20:10:14,JUPUSDT,SELL,10.0000,SIM_SELL
2025-10-14 20:10:46,JUPUSDT,SELL,10.0000,SIM_SELL
2025-10-14 20:25:21,JUPUSDT,BUY,10.0000,SIM_BUY
2025-10-14 20:44:06,JUPUSDT,BUY,10.0000,SIM_BUY
2025-10-14 20:45:10,JUPUSDT,BUY,10.0000,SIM_BUY
2025-10-14 20:45:41,JUPUSDT,BUY,10.0000,SIM_BUY
2025-10-14 20:50:23,JUPUSDT,BUY,10.0000,SIM_BUY
2025-10-14 20:50:55,JUPUSDT,BUY,10.0000,SIM_BUY
2025-10-14 20:51:26,JUPUSDT,BUY,10.0000,SIM_BUY
2025-10-14 20:51:58,JUPUSDT,BUY,10.0000,SIM_BUY
2025-10-14 21:06:02,JUPUSDT,BUY,10.0000,SIM_BUY
2025-10-14 21:06:34,JUPUSDT,BUY,10.0000,SIM_BUY
2025-10-14 21:07:06,JUPUSDT,BUY,10.0000,SIM_BUY
2025-10-14 21:12:50,JUPUSDT,SELL,10.0000,SIM_SELL
2025-10-14 21:13:22,JUPUSDT,SELL,10.0000,SIM_SELL
2025-10-14 21:13:53,JUPUSDT,SELL,10.0000,SIM_SELL
2025-10-14 21:15:59,JUPUSDT,SELL,10.0000,SIM_SELL
2025-10-14 21:16:30,JUPUSDT,SELL,10.0000,SIM_SELL
2025-10-15 06:28:29,JUPUSDT,BUY,10.0000,SIM_BUY
2025-10-15 06:29:01,JUPUSDT,BUY,10.0000,SIM_BUY
2025-10-15 06:30:04,JUPUSDT,SELL,10.0000,SIM_SELL
2025-10-15 06:30:36,JUPUSDT,SELL,10.0000,SIM_SELL
2025-10-15 06:51:56,JUPUSDT,BUY,10.0000,SIM_BUY
2025-10-15 06:53:31,JUPUSDT,BUY,10.0000,SIM_BUY
2025-10-15 06:54:03,JUPUSDT,SELL,10.0000,SIM_SELL
2025-10-15 06:54:34,JUPUSDT,SELL,10.0000,SIM_SELL
2025-10-15 07:12:15,JUPUSDT,BUY,10.0000,SIM_BUY
2025-10-15 07:13:49,JUPUSDT,BUY,10.0000,SIM_BUY
2025-10-15 07:14:52,JUPUSDT,SELL,10.0000,SIM_SELL
2025-10-15 07:17:59,JUPUSDT,BUY,10.0000,SIM_BUY
2025-10-15 07:20:36,JUPUSDT,SELL,10.0000,SIM_SELL
2025-10-15 07:21:07,JUPUSDT,SELL,10.0000,SIM_SELL
2025-10-15 07:47:08,JUPUSDT,BUY,10.0000,SIM_BUY
2025-10-15 07:48:42,JUPUSDT,SELL,10.0000,SIM_SELL
2025-10-15 07:49:14,JUPUSDT,SELL,10.0000,SIM_SELL
2025-10-15 07:49:45,JUPUSDT,SELL,10.0000,SIM_SELL
2025-10-15 07:50:17,JUPUSDT,SELL,10.0000,SIM_SELL
2025-10-15 07:50:49,JUPUSDT,SELL,10.0000,SIM_SELL
2025-10-15 07:51:21,JUPUSDT,SELL,10.0000,SIM_SELL
2025-10-15 07:51:53,JUPUSDT,SELL,10.0000,SIM_SELL
2025-10-15 07:52:24,JUPUSDT,SELL,10.0000,SIM_SELL
2025-10-15 07:52:56,JUPUSDT,SELL,10.0000,SIM_SELL
2025-10-15 07:53:28,JUPUSDT,SELL,10.0000,SIM_SELL
2025-10-15 07:54:00,JUPUSDT,SELL,10.0000,SIM_SELL
2025-10-15 07:54:31,JUPUSDT,SELL,10.0000,SIM_SELL
2025-10-15 07:55:03,JUPUSDT,SELL,10.0000,SIM_SELL
2025-10-15 07:55:35,JUPUSDT,SELL,10.0000,SIM_SELL
2025-10-15 07:56:07,JUPUSDT,SELL,10.0000,SIM_SELL
2025-10-15 07:57:10,JUPUSDT,SELL,10.0000,SIM_SELL
2025-10-15 07:57:42,JUPUSDT,SELL,10.0000,SIM_SELL
2025-10-15 08:02:23,JUPUSDT,SELL,10.0000,SIM_SELL
2025-10-15 08:08:37,JUPUSDT,BUY,10.0000,SIM_BUY
2025-10-15 08:14:51,JUPUSDT,BUY,10.0000,SIM_BUY
2025-10-15 08:16:25,JUPUSDT,BUY,10.0000,SIM_BUY
2025-10-15 08:19:02,JUPUSDT,BUY,10.0000,SIM_BUY
2025-10-15 08:35:40,JUPUSDT,BUY,10.0000,SIM_BUY
2025-10-15 08:37:15,JUPUSDT,BUY,10.0000,SIM_BUY
2025-10-15 08:39:20,JUPUSDT,SELL,10.0000,SIM_SELL
2025-10-15 08:39:52,JUPUSDT,SELL,10.0000,SIM_SELL
2025-10-15 08:40:24,JUPUSDT,SELL,10.0000,SIM_SELL
2025-10-15 08:40:56,JUPUSDT,SELL,10.0000,SIM_SELL
2025-10-15 09:01:12,JUPUSDT,BUY,10.0000,SIM_BUY
2025-10-15 09:03:49,JUPUSDT,BUY,10.0000,SIM_BUY
2025-10-15 09:04:52,JUPUSDT,BUY,10.0000,SIM_BUY
2025-10-15 09:05:24,JUPUSDT,BUY,10.0000,SIM_BUY
2025-10-15 09:38:41,JUPUSDT,BUY,10.0000,SIM_BUY
2025-10-15 09:40:15,JUPUSDT,SELL,10.0000,SIM_SELL
2025-10-15 09:40:47,JUPUSDT,SELL,10.0000,SIM_SELL
2025-10-15 09:59:30,JUPUSDT,BUY,10.0000,SIM_BUY
2025-10-15 10:00:02,JUPUSDT,BUY,10.0000,SIM_BUY
2025-10-15 10:00:34,JUPUSDT,BUY,10.0000,SIM_BUY
2025-10-15 10:06:17,JUPUSDT,BUY,10.0000,SIM_BUY
2025-10-15 10:12:33,JUPUSDT,BUY,10.0000,SIM_BUY
2025-10-15 10:13:05,JUPUSDT,BUY,10.0000,SIM_BUY
2025-10-15 10:15:10,JUPUSDT,SELL,10.0000,SIM_SELL
2025-10-15 11:01:28,JUPUSDT,BUY,10.0000,SIM_BUY
2025-10-15 11:02:31,JUPUSDT,BUY,10.0000,SIM_BUY
2025-10-15 11:07:14,JUPUSDT,BUY,10.0000,SIM_BUY
2025-10-15 11:10:21,JUPUSDT,BUY,10.0000,SIM_BUY
2025-10-15 11:16:04,JUPUSDT,BUY,10.0000,SIM_BUY
2025-10-15 11:20:14,JUPUSDT,BUY,10.0000,SIM_BUY
2025-10-15 11:22:51,JUPUSDT,BUY,10.0000,SIM_BUY
2025-10-15 11:30:09,JUPUSDT,BUY,10.0000,SIM_BUY
2025-10-15 12:07:06,JUPUSDT,BUY,10.0000,SIM_BUY
2025-10-15 12:12:20,JUPUSDT,BUY,10.0000,SIM_BUY
2025-10-15 13:11:44,JUPUSDT,SELL,10.0000,SIM_SELL
2025-10-15 13:12:16,JUPUSDT,SELL,10.0000,SIM_SELL
2025-10-15 13:12:48,JUPUSDT,SELL,10.0000,SIM_SELL
2025-10-15 13:13:20,JUPUSDT,SELL,10.0000,SIM_SELL
2025-10-15 13:13:52,JUPUSDT,SELL,10.0000,SIM_SELL
2025-10-15 13:47:11,JUPUSDT,BUY,10.0000,SIM_BUY
2025-10-15 13:48:45,JUPUSDT,SELL,10.0000,SIM_SELL
2025-10-15 14:00:44,JUPUSDT,BUY,10.0000,SIM_BUY
2025-10-15 14:26:15,JUPUSDT,SELL,10.0000,SIM_SELL
2025-10-15 14:26:47,JUPUSDT,SELL,10.0000,SIM_SELL
2025-10-15 14:27:19,JUPUSDT,SELL,10.0000,SIM_SELL
2025-10-15 14:27:51,JUPUSDT,SELL,10.0000,SIM_SELL
2025-10-15 14:40:52,JUPUSDT,BUY,10.0000,SIM_BUY
2025-10-15 14:41:55,JUPUSDT,SELL,10.0000,SIM_SELL
2025-10-15 14:42:27,JUPUSDT,SELL,10.0000,SIM_SELL
2025-10-15 14:42:59,JUPUSDT,SELL,10.0000,SIM_SELL
2025-10-15 14:43:31,JUPUSDT,SELL,10.0000,SIM_SELL
2025-10-15 14:44:03,JUPUSDT,SELL,10.0000,SIM_SELL
2025-10-15 14:44:35,JUPUSDT,SELL,10.0000,SIM_SELL
2025-10-15 14:45:07,JUPUSDT,SELL,10.0000,SIM_SELL
2025-10-15 15:05:31,JUPUSDT,BUY,10.0000,SIM_BUY
2025-10-15 15:06:03,JUPUSDT,BUY,10.0000,SIM_BUY
2025-10-15 15:08:40,JUPUSDT,BUY,10.0000,SIM_BUY
2025-10-15 15:48:44,JUPUSDT,BUY,10.0000,SIM_BUY
2025-10-15 15:49:16,JUPUSDT,BUY,10.0000,SIM_BUY
2025-10-15 16:32:58,JUPUSDT,BUY,10.0000,SIM_BUY
2025-10-15 16:33:30,JUPUSDT,BUY,10.0000,SIM_BUY
2025-10-15 16:34:02,JUPUSDT,BUY,10.0000,SIM_BUY
2025-10-15 16:36:07,JUPUSDT,BUY,10.0000,SIM_BUY
2025-10-15 16:38:13,JUPUSDT,SELL,10.0000,SIM_SELL
2025-10-15 16:57:33,JUPUSDT,BUY,10.0000,SIM_BUY
2025-10-15 17:06:57,JUPUSDT,BUY,10.0000,SIM_BUY
2025-10-15 17:07:29,JUPUSDT,BUY,10.0000,SIM_BUY
2025-10-15 17:08:32,JUPUSDT,BUY,10.0000,SIM_BUY
2025-10-15 17:09:04,JUPUSDT,SELL,10.0000,SIM_SELL
2025-10-15 17:10:07,JUPUSDT,SELL,10.0000,SIM_SELL
2025-10-15 17:10:39,JUPUSDT,SELL,10.0000,SIM_SELL
2025-10-15 17:11:11,JUPUSDT,SELL,10.0000,SIM_SELL
2025-10-15 17:12:14,JUPUSDT,SELL,10.0000,SIM_SELL
2025-10-15 18:06:48,JUPUSDT,BUY,10.0000,SIM_BUY
2025-10-15 18:07:20,JUPUSDT,BUY,10.0000,SIM_BUY
2025-10-15 18:10:59,JUPUSDT,SELL,10.0000,SIM_SELL
2025-10-15 18:25:35,JUPUSDT,BUY,10.0000,SIM_BUY
2025-10-15 18:26:38,JUPUSDT,BUY,10.0000,SIM_BUY
2025-10-15 18:55:24,JUPUSDT,BUY,10.0000,SIM_BUY
2025-10-15 18:55:56,JUPUSDT,BUY,10.0000,SIM_BUY
2025-10-15 18:59:35,JUPUSDT,BUY,10.0000,SIM_BUY
2025-10-15 19:00:07,JUPUSDT,BUY,10.0000,SIM_BUY
2025-10-15 19:03:16,JUPUSDT,BUY,10.0000,SIM_BUY
2025-10-15 19:03:48,JUPUSDT,BUY,10.0000,SIM_BUY
2025-10-15 19:08:00,JUPUSDT,BUY,10.0000,SIM_BUY
2025-10-15 19:08:32,JUPUSDT,BUY,10.0000,SIM_BUY
2025-10-15 19:25:44,JUPUSDT,BUY,10.0000,SIM_BUY
2025-10-15 19:28:21,JUPUSDT,BUY,10.0000,SIM_BUY
2025-10-15 19:46:02,JUPUSDT,BUY,10.0000,SIM_BUY
2025-10-15 19:47:37,JUPUSDT,BUY,10.0000,SIM_BUY
2025-10-15 19:48:09,JUPUSDT,BUY,10.0000,SIM_BUY
2025-10-15 19:48:40,JUPUSDT,BUY,10.0000,SIM_BUY
2025-10-15 20:18:53,JUPUSDT,BUY,10.0000,SIM_BUY
2025-10-15 20:19:25,JUPUSDT,BUY,10.0000,SIM_BUY
2025-10-15 20:21:30,JUPUSDT,BUY,10.0000,SIM_BUY
2025-10-15 20:22:02,JUPUSDT,BUY,10.0000,SIM_BUY
2025-10-15 20:26:44,JUPUSDT,BUY,10.0000,SIM_BUY
2025-10-16 06:22:19,JUPUSDT,BUY,10.0000,SIM_BUY
2025-10-16 06:28:34,JUPUSDT,SELL,10.0000,SIM_SELL
2025-10-16 06:45:46,JUPUSDT,BUY,10.0000,SIM_BUY
2025-10-16 06:48:24,JUPUSDT,BUY,10.0000,SIM_BUY
2025-10-16 06:48:55,JUPUSDT,BUY,10.0000,SIM_BUY
2025-10-16 07:03:39,JUPUSDT,BUY,10.0000,SIM_BUY
2025-10-16 07:04:42,JUPUSDT,BUY,10.0000,SIM_BUY
2025-10-16 07:07:19,JUPUSDT,SELL,10.0000,SIM_SELL
2025-10-16 07:07:51,JUPUSDT,SELL,10.0000,SIM_SELL
2025-10-16 07:08:22,JUPUSDT,SELL,10.0000,SIM_SELL
2025-10-16 07:12:02,JUPUSDT,BUY,10.0000,SIM_BUY
2025-10-16 07:14:09,JUPUSDT,BUY,10.0000,SIM_BUY
2025-10-16 07:14:41,JUPUSDT,BUY,10.0000,SIM_BUY
2025-10-16 07:16:47,JUPUSDT,BUY,10.0000,SIM_BUY
2025-10-16 07:18:23,JUPUSDT,BUY,10.0000,SIM_BUY
2025-10-16 07:30:23,JUPUSDT,SELL,10.0000,SIM_SELL
2025-10-16 07:30:58,JUPUSDT,SELL,10.0000,SIM_SELL
2025-10-16 07:31:32,JUPUSDT,SELL,10.0000,SIM_SELL
2025-10-16 07:32:03,JUPUSDT,SELL,10.0000,SIM_SELL
2025-10-16 07:32:35,JUPUSDT,SELL,10.0000,SIM_SELL
2025-10-16 07:33:13,JUPUSDT,SELL,10.0000,SIM_SELL
2025-10-16 07:34:48,JUPUSDT,SELL,10.0000,SIM_SELL
2025-10-16 08:13:56,JUPUSDT,BUY,10.0000,SIM_BUY
2025-10-16 08:14:29,JUPUSDT,BUY,10.0000,SIM_BUY
2025-10-16 08:15:37,JUPUSDT,BUY,10.0000,SIM_BUY
2025-10-16 08:31:14,JUPUSDT,BUY,10.0000,SIM_BUY
2025-10-16 08:34:53,JUPUSDT,BUY,10.0000,SIM_BUY
2025-10-16 09:01:35,JUPUSDT,SELL,10.0000,SIM_SELL
2025-10-16 09:02:39,JUPUSDT,SELL,10.0000,SIM_SELL
2025-10-16 09:03:10,JUPUSDT,SELL,10.0000,SIM_SELL
2025-10-16 09:07:21,JUPUSDT,BUY,10.0000,SIM_BUY
2025-10-16 09:21:54,JUPUSDT,BUY,10.0000,SIM_BUY
2025-10-16 09:24:00,JUPUSDT,BUY,10.0000,SIM_BUY
2025-10-16 09:28:09,JUPUSDT,BUY,10.0000,SIM_BUY
2025-10-16 09:30:15,JUPUSDT,SELL,10.0000,SIM_SELL
2025-10-16 09:30:47,JUPUSDT,SELL,10.0000,SIM_SELL
2025-10-16 09:32:21,JUPUSDT,SELL,10.0000,SIM_SELL
2025-10-16 09:32:53,JUPUSDT,SELL,10.0000,SIM_SELL
2025-10-16 09:33:25,JUPUSDT,SELL,10.0000,SIM_SELL
2025-10-16 09:40:42,JUPUSDT,BUY,10.0000,SIM_BUY
2025-10-16 10:02:02,JUPUSDT,BUY,10.0000,SIM_BUY
2025-10-16 10:37:24,JUPUSDT,BUY,10.0000,SIM_BUY
2025-10-16 10:43:09,JUPUSDT,BUY,10.0000,SIM_BUY
2025-10-16 10:44:12,JUPUSDT,BUY,10.0000,SIM_BUY
2025-10-16 10:44:44,JUPUSDT,BUY,10.0000,SIM_BUY
2025-10-16 11:13:57,JUPUSDT,SELL,10.0000,SIM_SELL
2025-10-16 11:19:10,JUPUSDT,SELL,10.0000,SIM_SELL
2025-10-16 11:46:45,JUPUSDT,SELL,10.0000,SIM_SELL
2025-10-16 12:06:32,JUPUSDT,BUY,10.0000,SIM_BUY
2025-10-16 12:07:04,JUPUSDT,BUY,10.0000,SIM_BUY
2025-10-16 12:07:36,JUPUSDT,BUY,10.0000,SIM_BUY
2025-10-16 12:10:12,JUPUSDT,BUY,10.0000,SIM_BUY
2025-10-16 12:22:10,JUPUSDT,BUY,10.0000,SIM_BUY
2025-10-16 12:45:03,JUPUSDT,SELL,10.0000,SIM_SELL
2025-10-16 12:45:35,JUPUSDT,SELL,10.0000,SIM_SELL
2025-10-16 12:46:07,JUPUSDT,SELL,10.0000,SIM_SELL
2025-10-16 12:46:38,JUPUSDT,SELL,10.0000,SIM_SELL
2025-10-16 12:47:10,JUPUSDT,SELL,10.0000,SIM_SELL
2025-10-16 12:47:42,JUPUSDT,SELL,10.0000,SIM_SELL
2025-10-16 12:48:14,JUPUSDT,SELL,10.0000,SIM_SELL
2025-10-16 12:48:45,JUPUSDT,SELL,10.0000,SIM_SELL
2025-10-16 12:49:17,JUPUSDT,SELL,10.0000,SIM_SELL
2025-10-16 12:49:49,JUPUSDT,SELL,10.0000,SIM_SELL
2025-10-16 12:50:21,JUPUSDT,SELL,10.0000,SIM_SELL
2025-10-16 12:50:53,JUPUSDT,SELL,10.0000,SIM_SELL
2025-10-16 13:03:23,JUPUSDT,BUY,10.0000,SIM_BUY
2025-10-16 13:13:48,JUPUSDT,BUY,10.0000,SIM_BUY
2025-10-16 13:14:20,JUPUSDT,BUY,10.0000,SIM_BUY
2025-10-16 13:16:56,JUPUSDT,SELL,10.0000,SIM_SELL
2025-10-16 13:17:28,JUPUSDT,SELL,10.0000,SIM_SELL
2025-10-16 13:18:00,JUPUSDT,SELL,10.0000,SIM_SELL
2025-10-16 13:18:32,JUPUSDT,SELL,10.0000,SIM_SELL
2025-10-16 13:19:03,JUPUSDT,SELL,10.0000,SIM_SELL
2025-10-16 13:33:06,JUPUSDT,BUY,10.0000,SIM_BUY
2025-10-16 13:42:29,JUPUSDT,BUY,10.0000,SIM_BUY
2025-10-16 13:43:32,JUPUSDT,BUY,10.0000,SIM_BUY
2025-10-16 13:50:18,JUPUSDT,BUY,10.0000,SIM_BUY
2025-10-16 13:54:28,JUPUSDT,BUY,10.0000,SIM_BUY
2025-10-16 14:06:57,JUPUSDT,SELL,10.0000,SIM_SELL
2025-10-16 14:16:51,JUPUSDT,SELL,10.0000,SIM_SELL
2025-10-16 14:42:21,JUPUSDT,BUY,10.0000,SIM_BUY
2025-10-16 14:45:59,JUPUSDT,BUY,10.0000,SIM_BUY
2025-10-16 14:56:25,JUPUSDT,BUY,10.0000,SIM_BUY
2025-10-16 14:56:57,JUPUSDT,BUY,10.0000,SIM_BUY
2025-10-16 14:58:00,JUPUSDT,BUY,10.0000,SIM_BUY
2025-10-16 14:58:31,JUPUSDT,BUY,10.0000,SIM_BUY
2025-10-16 15:00:37,JUPUSDT,SELL,10.0000,SIM_SELL
2025-10-16 15:01:09,JUPUSDT,SELL,10.0000,SIM_SELL
2025-10-16 15:01:40,JUPUSDT,SELL,10.0000,SIM_SELL
2025-10-16 15:02:12,JUPUSDT,SELL,10.0000,SIM_SELL
2025-10-16 15:02:44,JUPUSDT,SELL,10.0000,SIM_SELL
2025-10-16 15:03:16,JUPUSDT,SELL,10.0000,SIM_SELL
2025-10-16 15:03:48,JUPUSDT,SELL,10.0000,SIM_SELL
2025-10-16 15:04:20,JUPUSDT,SELL,10.0000,SIM_SELL
2025-10-16 15:04:52,JUPUSDT,SELL,10.0000,SIM_SELL
2025-10-16 15:05:23,JUPUSDT,SELL,10.0000,SIM_SELL
2025-10-16 15:18:26,JUPUSDT,BUY,10.0000,SIM_BUY
2025-10-16 15:38:46,JUPUSDT,BUY,10.0000,SIM_BUY
2025-10-16 15:39:49,JUPUSDT,BUY,10.0000,SIM_BUY
2025-10-16 15:40:21,JUPUSDT,BUY,10.0000,SIM_BUY
2025-10-16 15:47:07,JUPUSDT,BUY,10.0000,SIM_BUY
2025-10-16 16:15:14,JUPUSDT,BUY,10.0000,SIM_BUY
2025-10-16 16:15:46,JUPUSDT,BUY,10.0000,SIM_BUY
2025-10-16 16:31:54,JUPUSDT,BUY,10.0000,SIM_BUY
2025-10-16 16:32:25,JUPUSDT,BUY,10.0000,SIM_BUY
2025-10-16 17:37:29,JUPUSDT,BUY,10.0000,SIM_BUY
2025-10-16 17:38:07,JUPUSDT,BUY,10.0000,SIM_BUY
2025-10-16 17:38:48,JUPUSDT,BUY,10.0000,SIM_BUY
2025-10-16 17:39:21,JUPUSDT,BUY,10.0000,SIM_BUY
2025-10-16 17:40:57,JUPUSDT,SELL,10.0000,SIM_SELL
2025-10-16 17:43:03,JUPUSDT,SELL,10.0000,SIM_SELL
2025-10-16 17:43:35,JUPUSDT,SELL,10.0000,SIM_SELL
2025-10-16 17:44:07,JUPUSDT,SELL,10.0000,SIM_SELL
2025-10-16 17:44:39,JUPUSDT,SELL,10.0000,SIM_SELL
2025-10-16 17:45:11,JUPUSDT,SELL,10.0000,SIM_SELL
2025-10-16 18:13:18,JUPUSDT,BUY,10.0000,SIM_BUY
2025-10-16 18:13:50,JUPUSDT,SELL,10.0000,SIM_SELL
2025-10-16 18:14:21,JUPUSDT,SELL,10.0000,SIM_SELL
2025-10-16 19:09:34,JUPUSDT,BUY,10.0000,SIM_BUY
2025-10-16 19:10:05,JUPUSDT,BUY,10.0000,SIM_BUY
2025-10-16 19:12:42,JUPUSDT,BUY,10.0000,SIM_BUY
2025-10-16 19:13:14,JUPUSDT,BUY,10.0000,SIM_BUY
2025-10-16 19:41:20,JUPUSDT,BUY,10.0000,SIM_BUY
2025-10-16 19:49:08,JUPUSDT,BUY,10.0000,SIM_BUY
2025-10-16 19:50:43,JUPUSDT,BUY,10.0000,SIM_BUY
2025-10-16 19:54:54,JUPUSDT,BUY,10.0000,SIM_BUY
2025-10-16 19:58:33,JUPUSDT,BUY,10.0000,SIM_BUY
2025-10-16 19:59:36,JUPUSDT,SELL,10.0000,SIM_SELL
2025-10-16 20:00:08,JUPUSDT,SELL,10.0000,SIM_SELL
2025-10-16 20:17:50,JUPUSDT,BUY,10.0000,SIM_BUY
2025-10-16 20:18:53,JUPUSDT,BUY,10.0000,SIM_BUY
2025-10-16 20:30:51,JUPUSDT,BUY,10.0000,SIM_BUY
2025-10-16 21:18:11,JUPUSDT,BUY,10.0000,SIM_BUY
2025-10-16 21:35:53,JUPUSDT,BUY,10.0000,SIM_BUY
2025-10-16 21:39:32,JUPUSDT,BUY,10.0000,SIM_BUY
2025-10-16 21:40:35,JUPUSDT,BUY,10.0000,SIM_BUY
2025-10-16 22:01:55,JUPUSDT,BUY,10.0000,SIM_BUY
2025-10-17 10:51:34,JUPUSDT,BUY,10.0000,SIM_BUY
2025-10-17 11:26:06,JUPUSDT,BUY,10.0000,SIM_BUY
2025-10-17 11:26:38,JUPUSDT,BUY,10.0000,SIM_BUY
2025-10-17 11:33:31,JUPUSDT,BUY,10.0000,SIM_BUY
2025-10-17 11:34:35,JUPUSDT,BUY,10.0000,SIM_BUY
2025-10-17 11:35:07,JUPUSDT,BUY,10.0000,SIM_BUY
2025-10-17 12:01:42,JUPUSDT,BUY,10.0000,SIM_BUY
2025-10-17 12:05:21,JUPUSDT,BUY,10.0000,SIM_BUY
2025-10-17 12:05:52,JUPUSDT,BUY,10.0000,SIM_BUY
2025-10-17 12:08:29,JUPUSDT,BUY,10.0000,SIM_BUY
2025-10-17 12:12:39,JUPUSDT,BUY,10.0000,SIM_BUY
2025-10-17 12:29:49,JUPUSDT,BUY,10.0000,SIM_BUY
2025-10-17 12:30:52,JUPUSDT,SELL,10.0000,SIM_SELL
2025-10-17 12:32:27,JUPUSDT,SELL,10.0000,SIM_SELL
2025-10-17 12:32:58,JUPUSDT,SELL,10.0000,SIM_SELL
2025-10-17 12:33:30,JUPUSDT,SELL,10.0000,SIM_SELL
2025-10-17 12:34:02,JUPUSDT,SELL,10.0000,SIM_SELL
2025-10-17 12:34:35,JUPUSDT,SELL,10.0000,SIM_SELL
2025-10-17 12:35:07,JUPUSDT,SELL,10.0000,SIM_SELL
2025-10-17 12:35:39,JUPUSDT,SELL,10.0000,SIM_SELL
2025-10-17 12:36:10,JUPUSDT,SELL,10.0000,SIM_SELL
2025-10-17 12:36:42,JUPUSDT,SELL,10.0000,SIM_SELL
2025-10-17 12:37:14,JUPUSDT,SELL,10.0000,SIM_SELL
2025-10-17 12:37:46,JUPUSDT,SELL,10.0000,SIM_SELL
2025-10-17 12:38:18,JUPUSDT,SELL,10.0000,SIM_SELL
2025-10-17 12:38:50,JUPUSDT,SELL,10.0000,SIM_SELL
2025-10-17 12:39:22,JUPUSDT,SELL,10.0000,SIM_SELL
2025-10-17 13:37:07,JUPUSDT,BUY,10.0000,SIM_BUY
2025-10-17 13:37:39,JUPUSDT,BUY,10.0000,SIM_BUY
2025-10-17 13:38:42,JUPUSDT,BUY,10.0000,SIM_BUY
2025-10-17 13:50:12,JUPUSDT,BUY,10.0000,SIM_BUY
2025-10-17 13:50:44,JUPUSDT,BUY,10.0000,SIM_BUY
2025-10-17 14:03:14,JUPUSDT,BUY,10.0000,SIM_BUY
2025-10-17 14:12:35,JUPUSDT,BUY,10.0000,SIM_BUY
2025-10-17 14:15:43,JUPUSDT,SELL,10.0000,SIM_SELL
2025-10-17 14:16:15,JUPUSDT,SELL,10.0000,SIM_SELL
2025-10-17 14:25:38,JUPUSDT,BUY,10.0000,SIM_BUY
2025-10-17 15:06:44,JUPUSDT,BUY,10.0000,SIM_BUY
2025-10-17 15:07:16,JUPUSDT,BUY,10.0000,SIM_BUY
2025-10-17 15:22:22,JUPUSDT,BUY,10.0000,SIM_BUY
2025-10-17 15:36:56,JUPUSDT,BUY,10.0000,SIM_BUY
2025-10-17 15:37:28,JUPUSDT,BUY,10.0000,SIM_BUY
2025-10-17 16:05:03,JUPUSDT,SELL,10.0000,SIM_SELL
2025-10-17 16:07:40,JUPUSDT,BUY,10.0000,SIM_BUY
2025-10-17 16:09:14,JUPUSDT,BUY,10.0000,SIM_BUY
2025-10-17 16:09:45,JUPUSDT,BUY,10.0000,SIM_BUY
2025-10-17 16:21:12,JUPUSDT,BUY,10.0000,SIM_BUY
2025-10-17 16:23:49,JUPUSDT,SELL,10.0000,SIM_SELL
2025-10-17 16:24:20,JUPUSDT,SELL,10.0000,SIM_SELL
2025-10-17 16:24:52,JUPUSDT,SELL,10.0000,SIM_SELL
2025-10-17 16:34:45,JUPUSDT,BUY,10.0000,SIM_BUY
2025-10-17 16:35:49,JUPUSDT,BUY,10.0000,SIM_BUY
2025-10-17 16:36:21,JUPUSDT,BUY,10.0000,SIM_BUY
2025-10-17 16:52:28,JUPUSDT,BUY,10.0000,SIM_BUY
2025-10-17 16:55:05,JUPUSDT,SELL,10.0000,SIM_SELL
2025-10-17 16:55:37,JUPUSDT,SELL,10.0000,SIM_SELL
2025-10-17 17:48:05,JUPUSDT,SELL,10.0000,SIM_SELL
2025-10-17 17:48:37,JUPUSDT,SELL,10.0000,SIM_SELL
2025-10-17 18:04:44,JUPUSDT,BUY,10.0000,SIM_BUY
2025-10-17 18:06:49,JUPUSDT,BUY,10.0000,SIM_BUY
2025-10-17 18:18:15,JUPUSDT,BUY,10.0000,SIM_BUY
2025-10-17 18:26:34,JUPUSDT,BUY,10.0000,SIM_BUY
2025-10-17 18:41:39,JUPUSDT,BUY,10.0000,SIM_BUY
2025-10-17 18:48:55,JUPUSDT,BUY,10.0000,SIM_BUY
2025-10-17 18:49:58,JUPUSDT,BUY,10.0000,SIM_BUY
2025-10-17 18:50:30,JUPUSDT,BUY,10.0000,SIM_BUY
2025-10-17 18:53:06,JUPUSDT,BUY,10.0000,SIM_BUY
2025-10-17 18:53:38,JUPUSDT,BUY,10.0000,SIM_BUY
2025-10-17 18:54:10,JUPUSDT,BUY,10.0000,SIM_BUY
2025-10-17 18:57:17,JUPUSDT,BUY,10.0000,SIM_BUY
2025-10-17 19:02:29,JUPUSDT,SELL,10.0000,SIM_SELL
2025-10-17 19:03:01,JUPUSDT,SELL,10.0000,SIM_SELL
2025-10-17 19:03:33,JUPUSDT,SELL,10.0000,SIM_SELL
2025-10-17 19:04:05,JUPUSDT,SELL,10.0000,SIM_SELL
2025-10-17 19:04:36,JUPUSDT,SELL,10.0000,SIM_SELL
2025-10-17 19:05:08,JUPUSDT,SELL,10.0000,SIM_SELL
2025-10-17 19:23:20,JUPUSDT,BUY,10.0000,SIM_BUY
2025-10-17 19:23:51,JUPUSDT,BUY,10.0000,SIM_BUY
2025-10-17 19:24:23,JUPUSDT,BUY,10.0000,SIM_BUY
2025-10-17 19:50:21,JUPUSDT,BUY,10.0000,SIM_BUY
2025-10-17 20:35:03,JUPUSDT,BUY,10.0000,SIM_BUY
2025-10-17 20:35:34,JUPUSDT,BUY,10.0000,SIM_BUY
2025-10-17 20:50:40,JUPUSDT,BUY,10.0000,SIM_BUY
2025-10-17 20:51:11,JUPUSDT,BUY,10.0000,SIM_BUY
2025-10-17 20:53:48,JUPUSDT,BUY,10.0000,SIM_BUY
2025-10-17 20:55:22,JUPUSDT,SELL,10.0000,SIM_SELL
2025-10-17 21:02:39,JUPUSDT,BUY,10.0000,SIM_BUY
2025-10-17 21:10:28,JUPUSDT,BUY,10.0000,SIM_BUY
2025-10-17 21:20:52,JUPUSDT,BUY,10.0000,SIM_BUY
2025-10-17 21:36:58,JUPUSDT,BUY,10.0000,SIM_BUY
2025-10-17 21:37:30,JUPUSDT,BUY,10.0000,SIM_BUY
2025-10-17 22:01:24,JUPUSDT,BUY,10.0000,SIM_BUY
2025-10-17 22:01:56,JUPUSDT,BUY,10.0000,SIM_BUY
2025-10-17 22:11:48,JUPUSDT,BUY,10.0000,SIM_BUY
2025-10-18 06:31:07,JUPUSDT,BUY,10.0000,SIM_BUY
2025-10-18 06:31:39,JUPUSDT,BUY,10.0000,SIM_BUY
2025-10-18 06:32:11,JUPUSDT,SELL,10.0000,SIM_SELL
2025-10-18 06:32:43,JUPUSDT,SELL,10.0000,SIM_SELL
2025-10-18 06:33:14,JUPUSDT,SELL,10.0000,SIM_SELL
2025-10-18 06:34:17,JUPUSDT,SELL,10.0000,SIM_SELL
2025-10-18 06:34:49,JUPUSDT,SELL,10.0000,SIM_SELL
2025-10-18 06:35:21,JUPUSDT,SELL,10.0000,SIM_SELL
2025-10-18 06:35:52,JUPUSDT,SELL,10.0000,SIM_SELL
2025-10-18 06:36:24,JUPUSDT,SELL,10.0000,SIM_SELL
2025-10-18 06:36:56,JUPUSDT,SELL,10.0000,SIM_SELL
2025-10-18 06:37:27,JUPUSDT,SELL,10.0000,SIM_SELL
2025-10-18 06:55:07,JUPUSDT,BUY,10.0000,SIM_BUY
2025-10-18 07:25:47,JUPUSDT,BUY,10.0000,SIM_BUY
2025-10-18 07:30:59,JUPUSDT,SELL,10.0000,SIM_SELL
2025-10-18 08:01:07,JUPUSDT,BUY,10.0000,SIM_BUY
2025-10-18 08:02:10,JUPUSDT,BUY,10.0000,SIM_BUY
2025-10-18 08:02:42,JUPUSDT,BUY,10.0000,SIM_BUY
2025-10-18 08:05:18,JUPUSDT,BUY,10.0000,SIM_BUY
2025-10-18 08:06:20,JUPUSDT,SELL,10.0000,SIM_SELL
2025-10-18 08:06:52,JUPUSDT,SELL,10.0000,SIM_SELL
2025-10-18 08:07:24,JUPUSDT,SELL,10.0000,SIM_SELL
2025-10-18 08:07:56,JUPUSDT,SELL,10.0000,SIM_SELL
2025-10-18 08:21:26,JUPUSDT,SELL,10.0000,SIM_SELL
2025-10-18 08:59:15,JUPUSDT,SELL,10.0000,SIM_SELL
2025-10-18 08:59:47,JUPUSDT,SELL,10.0000,SIM_SELL
2025-10-18 09:00:19,JUPUSDT,SELL,10.0000,SIM_SELL
2025-10-18 09:00:50,JUPUSDT,SELL,10.0000,SIM_SELL
2025-10-18 09:03:58,JUPUSDT,BUY,10.0000,SIM_BUY
2025-10-18 09:06:03,JUPUSDT,BUY,10.0000,SIM_BUY
2025-10-18 09:06:34,JUPUSDT,BUY,10.0000,SIM_BUY
2025-10-18 09:09:42,JUPUSDT,SELL,10.0000,SIM_SELL
2025-10-18 09:10:13,JUPUSDT,SELL,10.0000,SIM_SELL
2025-10-18 09:13:52,JUPUSDT,BUY,10.0000,SIM_BUY
2025-10-18 09:45:03,JUPUSDT,BUY,10.0000,SIM_BUY
2025-10-18 09:48:11,JUPUSDT,SELL,10.0000,SIM_SELL
2025-10-18 09:50:16,JUPUSDT,SELL,10.0000,SIM_SELL
2025-10-18 09:53:55,JUPUSDT,BUY,10.0000,SIM_BUY
2025-10-18 09:56:00,JUPUSDT,BUY,10.0000,SIM_BUY
2025-10-18 09:57:03,JUPUSDT,BUY,10.0000,SIM_BUY
2025-10-18 10:03:48,JUPUSDT,BUY,10.0000,SIM_BUY
2025-10-18 10:05:54,JUPUSDT,SELL,10.0000,SIM_SELL
2025-10-18 10:07:27,JUPUSDT,SELL,10.0000,SIM_SELL
2025-10-18 10:07:59,JUPUSDT,SELL,10.0000,SIM_SELL
2025-10-18 10:08:31,JUPUSDT,SELL,10.0000,SIM_SELL
2025-10-18 10:39:42,JUPUSDT,BUY,10.0000,SIM_BUY
2025-10-18 10:40:14,JUPUSDT,BUY,10.0000,SIM_BUY
2025-10-18 11:10:54,JUPUSDT,SELL,10.0000,SIM_SELL
2025-10-18 11:12:28,JUPUSDT,SELL,10.0000,SIM_SELL
2025-10-18 11:19:13,JUPUSDT,BUY,10.0000,SIM_BUY
2025-10-18 11:19:45,JUPUSDT,BUY,10.0000,SIM_BUY
2025-10-18 11:48:54,JUPUSDT,BUY,10.0000,SIM_BUY
2025-10-18 12:04:28,JUPUSDT,BUY,10.0000,SIM_BUY
2025-10-18 12:05:00,JUPUSDT,BUY,10.0000,SIM_BUY
2025-10-18 12:05:31,JUPUSDT,BUY,10.0000,SIM_BUY
2025-10-18 12:18:29,JUPUSDT,BUY,10.0000,SIM_BUY
2025-10-18 12:20:34,JUPUSDT,BUY,10.0000,SIM_BUY
2025-10-18 12:22:08,JUPUSDT,BUY,10.0000,SIM_BUY
2025-10-18 12:22:39,JUPUSDT,BUY,10.0000,SIM_BUY
2025-10-18 12:45:28,JUPUSDT,SELL,10.0000,SIM_SELL
2025-10-18 12:46:00,JUPUSDT,SELL,10.0000,SIM_SELL
2025-10-18 12:52:44,JUPUSDT,BUY,10.0000,SIM_BUY
2025-10-18 12:53:16,JUPUSDT,BUY,10.0000,SIM_BUY
2025-10-18 13:19:46,JUPUSDT,BUY,10.0000,SIM_BUY
2025-10-18 13:20:49,JUPUSDT,BUY,10.0000,SIM_BUY
2025-10-18 13:32:46,JUPUSDT,SELL,10.0000,SIM_SELL
2025-10-18 13:34:20,JUPUSDT,SELL,10.0000,SIM_SELL
2025-10-18 13:34:52,JUPUSDT,SELL,10.0000,SIM_SELL
2025-10-18 13:35:23,JUPUSDT,SELL,10.0000,SIM_SELL
2025-10-18 13:44:56,JUPUSDT,SELL,10.0000,SIM_SELL
2025-10-18 14:06:45,JUPUSDT,BUY,10.0000,SIM_BUY
2025-10-18 14:07:48,JUPUSDT,BUY,10.0000,SIM_BUY
2025-10-18 14:15:36,JUPUSDT,BUY,10.0000,SIM_BUY
2025-10-18 14:40:34,JUPUSDT,SELL,10.0000,SIM_SELL
2025-10-18 14:48:52,JUPUSDT,BUY,10.0000,SIM_BUY
2025-10-18 15:00:03,JUPUSDT,BUY,10.0000,SIM_BUY
2025-10-18 15:08:22,JUPUSDT,BUY,10.0000,SIM_BUY
2025-10-18 15:10:59,JUPUSDT,BUY,10.0000,SIM_BUY
2025-10-18 15:50:01,JUPUSDT,BUY,10.0000,SIM_BUY
2025-10-18 15:50:33,JUPUSDT,BUY,10.0000,SIM_BUY
2025-10-18 16:50:19,JUPUSDT,BUY,10.0000,SIM_BUY
2025-10-18 16:51:22,JUPUSDT,BUY,10.0000,SIM_BUY
2025-10-18 17:17:51,JUPUSDT,BUY,10.0000,SIM_BUY
2025-10-18 17:29:48,JUPUSDT,BUY,10.0000,SIM_BUY
2025-10-18 17:31:23,JUPUSDT,SELL,10.0000,SIM_SELL
2025-10-18 17:31:55,JUPUSDT,SELL,10.0000,SIM_SELL
2025-10-18 17:32:28,JUPUSDT,SELL,10.0000,SIM_SELL
2025-10-18 17:34:03,JUPUSDT,SELL,10.0000,SIM_SELL
2025-10-18 17:34:34,JUPUSDT,SELL,10.0000,SIM_SELL
2025-10-18 17:35:06,JUPUSDT,SELL,10.0000,SIM_SELL
2025-10-18 17:35:39,JUPUSDT,SELL,10.0000,SIM_SELL
2025-10-18 17:36:11,JUPUSDT,SELL,10.0000,SIM_SELL
2025-10-18 17:36:43,JUPUSDT,SELL,10.0000,SIM_SELL
2025-10-18 17:37:15,JUPUSDT,SELL,10.0000,SIM_SELL
2025-10-18 17:37:47,JUPUSDT,SELL,10.0000,SIM_SELL
2025-10-18 17:38:19,JUPUSDT,SELL,10.0000,SIM_SELL
2025-10-18 17:39:53,JUPUSDT,SELL,10.0000,SIM_SELL
2025-10-18 17:40:25,JUPUSDT,SELL,10.0000,SIM_SELL
2025-10-18 17:59:38,JUPUSDT,BUY,10.0000,SIM_BUY
2025-10-18 18:00:41,JUPUSDT,BUY,10.0000,SIM_BUY
2025-10-18 18:03:49,JUPUSDT,SELL,10.0000,SIM_SELL
2025-10-18 18:42:49,JUPUSDT,SELL,10.0000,SIM_SELL
2025-10-18 18:43:20,JUPUSDT,SELL,10.0000,SIM_SELL
2025-10-18 18:43:52,JUPUSDT,SELL,10.0000,SIM_SELL
2025-10-18 18:44:24,JUPUSDT,SELL,10.0000,SIM_SELL
2025-10-18 18:44:56,JUPUSDT,SELL,10.0000,SIM_SELL
2025-10-18 18:45:28,JUPUSDT,SELL,10.0000,SIM_SELL
2025-10-18 18:45:59,JUPUSDT,SELL,10.0000,SIM_SELL
2025-10-18 18:54:50,JUPUSDT,BUY,10.0000,SIM_BUY
2025-10-18 19:03:40,JUPUSDT,BUY,10.0000,SIM_BUY
2025-10-18 19:46:19,JUPUSDT,BUY,10.0000,SIM_BUY
2025-10-18 19:46:50,JUPUSDT,BUY,10.0000,SIM_BUY
2025-10-18 19:54:07,JUPUSDT,BUY,10.0000,SIM_BUY
2025-10-18 19:57:15,JUPUSDT,BUY,10.0000,SIM_BUY
2025-10-18 19:57:47,JUPUSDT,SELL,10.0000,SIM_SELL
2025-10-18 19:58:20,JUPUSDT,SELL,10.0000,SIM_SELL
2025-10-18 20:17:33,JUPUSDT,BUY,10.0000,SIM_BUY
2025-10-18 20:25:21,JUPUSDT,BUY,10.0000,SIM_BUY
2025-10-18 20:39:55,JUPUSDT,SELL,10.0000,SIM_SELL
2025-10-18 20:40:27,JUPUSDT,SELL,10.0000,SIM_SELL
2025-10-18 20:54:30,JUPUSDT,BUY,10.0000,SIM_BUY
2025-10-18 20:55:02,JUPUSDT,BUY,10.0000,SIM_BUY
2025-10-18 20:55:34,JUPUSDT,BUY,10.0000,SIM_BUY
2025-10-18 20:56:37,JUPUSDT,BUY,10.0000,SIM_BUY
2025-10-18 20:57:40,JUPUSDT,SELL,10.0000,SIM_SELL
2025-10-18 20:59:45,JUPUSDT,SELL,10.0000,SIM_SELL
2025-10-18 21:34:02,JUPUSDT,BUY,10.0000,SIM_BUY
2025-10-18 21:35:36,JUPUSDT,BUY,10.0000,SIM_BUY
2025-10-19 06:30:16,JUPUSDT,BUY,10.0000,SIM_BUY
2025-10-19 06:32:21,JUPUSDT,BUY,10.0000,SIM_BUY
2025-10-19 06:37:33,JUPUSDT,BUY,10.0000,SIM_BUY
2025-10-19 06:39:39,JUPUSDT,BUY,10.0000,SIM_BUY
2025-10-19 06:40:42,JUPUSDT,BUY,10.0000,SIM_BUY
2025-10-19 06:48:30,JUPUSDT,BUY,10.0000,SIM_BUY
2025-10-19 06:50:04,JUPUSDT,BUY,10.0000,SIM_BUY
2025-10-19 07:30:37,JUPUSDT,BUY,10.0000,SIM_BUY
2025-10-19 07:31:09,JUPUSDT,BUY,10.0000,SIM_BUY
2025-10-19 08:04:09,JUPUSDT,BUY,10.0000,SIM_BUY
2025-10-19 08:08:02,JUPUSDT,BUY,10.0000,SIM_BUY
2025-10-19 08:08:34,JUPUSDT,SELL,10.0000,SIM_SELL
2025-10-19 08:09:06,JUPUSDT,SELL,10.0000,SIM_SELL
2025-10-19 08:09:37,JUPUSDT,SELL,10.0000,SIM_SELL
2025-10-19 08:10:10,JUPUSDT,SELL,10.0000,SIM_SELL
2025-10-19 08:10:41,JUPUSDT,SELL,10.0000,SIM_SELL
2025-10-19 08:11:13,JUPUSDT,SELL,10.0000,SIM_SELL
2025-10-19 08:17:29,JUPUSDT,BUY,10.0000,SIM_BUY
2025-10-19 08:19:34,JUPUSDT,BUY,10.0000,SIM_BUY
2025-10-19 13:16:36,JUPUSDT,BUY,10.0000,SIM_BUY
2025-10-19 13:19:44,JUPUSDT,BUY,10.0000,SIM_BUY
2025-10-19 13:24:25,JUPUSDT,SELL,10.0000,SIM_SELL
2025-10-19 13:24:57,JUPUSDT,SELL,10.0000,SIM_SELL
2025-10-19 13:25:29,JUPUSDT,SELL,10.0000,SIM_SELL
2025-10-19 13:26:01,JUPUSDT,SELL,10.0000,SIM_SELL
2025-10-19 13:26:33,JUPUSDT,SELL,10.0000,SIM_SELL
2025-10-19 13:27:05,JUPUSDT,SELL,10.0000,SIM_SELL
2025-10-19 13:27:37,JUPUSDT,SELL,10.0000,SIM_SELL
2025-10-19 13:28:08,JUPUSDT,SELL,10.0000,SIM_SELL
2025-10-19 13:28:40,JUPUSDT,SELL,10.0000,SIM_SELL
2025-10-19 13:29:12,JUPUSDT,SELL,10.0000,SIM_SELL
2025-10-19 13:40:38,JUPUSDT,BUY,10.0000,SIM_BUY
2025-10-19 13:42:43,JUPUSDT,SELL,10.0000,SIM_SELL
2025-10-19 13:43:15,JUPUSDT,SELL,10.0000,SIM_SELL
2025-10-19 13:54:41,JUPUSDT,BUY,10.0000,SIM_BUY
2025-10-19 13:58:20,JUPUSDT,BUY,10.0000,SIM_BUY
2025-10-19 13:58:52,JUPUSDT,BUY,10.0000,SIM_BUY
2025-10-19 14:06:40,JUPUSDT,BUY,10.0000,SIM_BUY
2025-10-19 14:07:43,JUPUSDT,BUY,10.0000,SIM_BUY
2025-10-19 14:08:46,JUPUSDT,BUY,10.0000,SIM_BUY
2025-10-19 14:09:17,JUPUSDT,BUY,10.0000,SIM_BUY
2025-10-19 15:00:12,JUPUSDT,BUY,10.0000,SIM_BUY
2025-10-19 15:32:23,JUPUSDT,BUY,10.0000,SIM_BUY
2025-10-19 15:33:26,JUPUSDT,SELL,10.0000,SIM_SELL
2025-10-19 15:39:09,JUPUSDT,BUY,10.0000,SIM_BUY
2025-10-19 16:01:31,JUPUSDT,SELL,10.0000,SIM_SELL
2025-10-19 16:02:03,JUPUSDT,SELL,10.0000,SIM_SELL
2025-10-19 16:02:34,JUPUSDT,SELL,10.0000,SIM_SELL
2025-10-19 16:18:10,JUPUSDT,SELL,10.0000,SIM_SELL
2025-10-19 16:18:42,JUPUSDT,SELL,10.0000,SIM_SELL
2025-10-19 16:23:22,JUPUSDT,BUY,10.0000,SIM_BUY
2025-10-19 16:27:32,JUPUSDT,BUY,10.0000,SIM_BUY
2025-10-19 16:30:40,JUPUSDT,BUY,10.0000,SIM_BUY
2025-10-19 16:31:43,JUPUSDT,BUY,10.0000,SIM_BUY
2025-10-19 16:33:17,JUPUSDT,BUY,10.0000,SIM_BUY
2025-10-19 16:36:24,JUPUSDT,BUY,10.0000,SIM_BUY
2025-10-19 16:37:27,JUPUSDT,BUY,10.0000,SIM_BUY
2025-10-19 16:39:32,JUPUSDT,BUY,10.0000,SIM_BUY
2025-10-19 16:42:09,JUPUSDT,BUY,10.0000,SIM_BUY
2025-10-19 16:43:12,JUPUSDT,BUY,10.0000,SIM_BUY
2025-10-19 16:52:02,JUPUSDT,BUY,10.0000,SIM_BUY
2025-10-19 16:53:05,JUPUSDT,BUY,10.0000,SIM_BUY
2025-10-19 16:53:37,JUPUSDT,BUY,10.0000,SIM_BUY
2025-10-19 16:56:44,JUPUSDT,BUY,10.0000,SIM_BUY
2025-10-19 16:57:47,JUPUSDT,SELL,10.0000,SIM_SELL
2025-10-19 17:19:05,JUPUSDT,BUY,10.0000,SIM_BUY
2025-10-19 17:21:42,JUPUSDT,SELL,10.0000,SIM_SELL
2025-10-19 18:20:15,JUPUSDT,BUY,10.0000,SIM_BUY
2025-10-19 18:21:18,JUPUSDT,BUY,10.0000,SIM_BUY
2025-10-19 18:34:20,JUPUSDT,BUY,10.0000,SIM_BUY
2025-10-19 18:36:57,JUPUSDT,BUY,10.0000,SIM_BUY
2025-10-19 18:49:58,JUPUSDT,SELL,10.0000,SIM_SELL
2025-10-19 18:50:30,JUPUSDT,SELL,10.0000,SIM_SELL
2025-10-19 19:00:54,JUPUSDT,SELL,10.0000,SIM_SELL
2025-10-19 19:40:25,JUPUSDT,BUY,10.0000,SIM_BUY
2025-10-19 19:41:28,JUPUSDT,BUY,10.0000,SIM_BUY
2025-10-19 19:43:02,JUPUSDT,SELL,10.0000,SIM_SELL
2025-10-19 19:43:34,JUPUSDT,SELL,10.0000,SIM_SELL
2025-10-19 19:44:06,JUPUSDT,SELL,10.0000,SIM_SELL
2025-10-19 19:44:38,JUPUSDT,SELL,10.0000,SIM_SELL
2025-10-19 19:45:09,JUPUSDT,SELL,10.0000,SIM_SELL
2025-10-19 20:05:28,JUPUSDT,SELL,10.0000,SIM_SELL
2025-10-19 20:17:27,JUPUSDT,BUY,10.0000,SIM_BUY
2025-10-19 21:01:46,JUPUSDT,BUY,10.0000,SIM_BUY
2025-10-19 21:24:16,JUPUSDT,BUY,10.0000,SIM_BUY
2025-10-19 21:24:47,JUPUSDT,BUY,10.0000,SIM_BUY
2025-10-19 21:28:58,JUPUSDT,SELL,10.0000,SIM_SELL
2025-10-19 21:31:34,JUPUSDT,BUY,10.0000,SIM_BUY
2025-10-19 21:40:58,JUPUSDT,SELL,10.0000,SIM_SELL
2025-10-19 21:41:31,JUPUSDT,SELL,10.0000,SIM_SELL
2025-10-19 21:42:02,JUPUSDT,SELL,10.0000,SIM_SELL
2025-10-19 21:42:34,JUPUSDT,SELL,10.0000,SIM_SELL
2025-10-19 21:43:06,JUPUSDT,SELL,10.0000,SIM_SELL
2025-10-19 21:43:38,JUPUSDT,SELL,10.0000,SIM_SELL
2025-10-19 21:44:09,JUPUSDT,SELL,10.0000,SIM_SELL
2025-10-19 21:44:41,JUPUSDT,SELL,10.0000,SIM_SELL
2025-10-19 21:45:13,JUPUSDT,SELL,10.0000,SIM_SELL
2025-10-19 21:45:45,JUPUSDT,SELL,10.0000,SIM_SELL
2025-10-20 06:40:21,JUPUSDT,BUY,10.0000,SIM_BUY
2025-10-20 06:42:57,JUPUSDT,SELL,10.0000,SIM_SELL
2025-10-20 06:43:29,JUPUSDT,SELL,10.0000,SIM_SELL
2025-10-20 06:50:15,JUPUSDT,BUY,10.0000,SIM_BUY
2025-10-20 06:51:18,JUPUSDT,SELL,10.0000,SIM_SELL
2025-10-20 06:51:49,JUPUSDT,SELL,10.0000,SIM_SELL
2025-10-20 06:52:21,JUPUSDT,SELL,10.0000,SIM_SELL
2025-10-20 06:52:53,JUPUSDT,SELL,10.0000,SIM_SELL
2025-10-20 06:53:24,JUPUSDT,SELL,10.0000,SIM_SELL
2025-10-20 06:53:56,JUPUSDT,SELL,10.0000,SIM_SELL
2025-10-20 06:54:28,JUPUSDT,SELL,10.0000,SIM_SELL
2025-10-20 06:54:59,JUPUSDT,SELL,10.0000,SIM_SELL
2025-10-20 06:55:31,JUPUSDT,SELL,10.0000,SIM_SELL
2025-10-20 06:56:03,JUPUSDT,SELL,10.0000,SIM_SELL
2025-10-20 06:56:35,JUPUSDT,SELL,10.0000,SIM_SELL
2025-10-20 06:57:07,JUPUSDT,SELL,10.0000,SIM_SELL
2025-10-20 07:05:31,JUPUSDT,BUY,10.0000,SIM_BUY
2025-10-20 07:06:34,JUPUSDT,BUY,10.0000,SIM_BUY
2025-10-20 07:07:05,JUPUSDT,BUY,10.0000,SIM_BUY
2025-10-20 07:31:31,JUPUSDT,BUY,10.0000,SIM_BUY
2025-10-20 07:32:34,JUPUSDT,BUY,10.0000,SIM_BUY
2025-10-20 08:14:09,JUPUSDT,BUY,10.0000,SIM_BUY
2025-10-20 08:14:40,JUPUSDT,BUY,10.0000,SIM_BUY
2025-10-20 08:23:00,JUPUSDT,BUY,10.0000,SIM_BUY
2025-10-20 08:23:32,JUPUSDT,BUY,10.0000,SIM_BUY
2025-10-20 08:26:39,JUPUSDT,SELL,10.0000,SIM_SELL
2025-10-20 08:30:50,JUPUSDT,BUY,10.0000,SIM_BUY
2025-10-20 08:33:26,JUPUSDT,BUY,10.0000,SIM_BUY
